id,time,place,magnitude,longitude,latitude,depth,tsunami
us7000rl57,1766890309922,"43 km W of Puerto Santa, Peru",6.2,-79.039,-8.9834,58.0,0
us7000rl2n,1766847955388,"29 km ESE of Yilan, Taiwan",6.6,122.0354,24.6841,63.0,1
us7000rkjm,1766569626669,"2025 Taitung, Taiwan Earthquake",6.0,121.2494,22.8982,8.0,0
us6000rwgh,1766399487918,"45 km NNE of Goroka, Papua New Guinea",6.5,145.5368,-5.7036,107.0,0
us6000ruc4,1765507452841,"117 km NE of Kuji, Japan",6.7,142.8131,40.8899,19.0,1
us6000rtie,1765230761325,"129 km S of Honchō, Japan",6.6,143.1504,40.9761,19.0,0
us6000rtgd,1765220188302,"127 km S of Honchō, Japan",6.0,143.1226,40.9878,22.788,0
us6000rtdt,1765203309896,"2025 Aomori Prefecture, Japan Earthquake",7.6,142.1836,40.9984,40.72,1
us6000rsy1,1765053709288,2025 Hubbard Glacier Earthquake,7.0,-139.5412,60.3127,10.317,1
ak2025xjbvhj,1764263489059,"12 km WNW of Susitna, Alaska",6.0,-150.75079345703125,61.56951904296875,69.43339538574219,1
us7000re2g,1764219384368,"54 km WNW of Sinabang, Indonesia",6.4,95.9543,2.7191,17.0,0
us6000rmk2,1762759397302,"129 km E of Yamada, Japan",6.0,143.4526,39.5665,11.0,0
us6000rmep,1762678476914,"117 km E of Yamada, Japan",6.4,143.3097,39.4971,10.0,0
us6000rmea,1762675419367,"122 km E of Yamada, Japan",6.8,143.3782,39.485,18.0,1
us6000rlik,1762298939236,"149 km SE of Petropavlovsk-Kamchatsky, Russia",6.0,160.1897,52.1115,28.0,0
us6000rlcd,1762241842906,"191 km WSW of Merizo Village, Guam",6.0,143.1427,12.3924,65.0,0
us6000rl5i,1762159483281,"142 km SE of Petropavlovsk-Kamchatsky, Russia",6.1,160.2108,52.2143,29.0,0
us6000rl31,1762115342008,"30 km SE of Mazār-e Sharīf, Afghanistan",6.2,67.3886,36.5461,28.0,0
us6000rjx3,1761662418481,Banda Sea,6.4,129.9887,-6.7001,142.0,0
us6000rjsu,1761594508767,"7 km SE of Sındırgı, Turkey",6.0,28.2425,39.1937,8.0,0
us6000rjq8,1761568720364,"164 km E of Beauséjour, Guadeloupe",6.5,-59.5574,16.5419,9.0,1
us6000rjkv,1761498265617,"57 km NW of Pante Makasar, Timor Leste",6.2,123.9887,-8.8524,75.0,0
us6000rjhm,1761434882544,"194 km SSE of Lata, Solomon Islands",6.0,166.4018,-12.3757,34.0,0
us6000rhns,1760655792673,"3 km N of Union, Philippines",6.0,126.1163,9.7909,32.0,0
us6000rhg5,1760593732788,"192 km WNW of Abepura, Indonesia",6.4,138.9531,-2.168,18.0,1
us6000rhf2,1760578952311,Drake Passage,6.3,-61.8649,-59.9658,8.0,1
us6000rgkr,1760193179312,"3 km ESE of Bacolod, Philippines",6.0,126.323,8.9231,67.657,0
us6000rgf4,1760128160075,Drake Passage,7.6,-61.8164,-60.1875,5.639,1
us6000rg2r,1760094725407,"12 km SE of Santiago, Philippines",6.7,126.6578,7.2127,47.0,1
us6000rfye,1760062090652,"139 km SE of Lorengau, Papua New Guinea",6.3,147.9714,-3.0764,10.0,0
us6000rfwz,1760060639585,"12 km E of Santiago, Philippines",7.4,126.6902,7.2866,59.425,1
us6000rft9,1760016524543,"121 km E of Ozernovskiy, Russia",6.1,158.2328,51.6683,56.51,0
us6000rfb2,1759835117136,"17 km W of Lae, Papua New Guinea",6.6,146.8404,-6.7359,98.0,1
us6000rei1,1759507664844,"177 km SE of Vilyuchinsk, Russia",6.1,159.9083,51.6275,19.0,0
us6000rdta,1759250983533,"31 km ESE of Kalianget, Indonesia",6.0,114.1844,-7.2032,19.498,0
us6000rdrz,1759240783328,"8 km ESE of Calape, Philippines",6.9,124.111,11.1557,10.0,1
us6000rcqw,1758772299565,"25 km ENE of Mene Grande, Venezuela",6.3,-70.7081,9.9355,14.0,1
us6000rcnw,1758752515716,"5 km ENE of Mene Grande, Venezuela",6.2,-70.8781,9.8668,9.0,1
us6000rge8,1758293740913,"98 km ESE of Ozernovskiy, Russia",6.0,157.8629,51.2463,58.287,0
us7000qx2g,1758221894939,"140 km E of Petropavlovsk-Kamchatsky, Russia",7.8,160.7206,53.1426,27.0,1
us7000qx1z,1758219589220,"26 km S of Nabire, Indonesia",6.0,135.4658,-3.5961,28.0,0
us7000qwir,1758041986550,"208 km SE of Kokopo, Papua New Guinea",6.0,153.7354,-5.5179,31.0,0
us7000qwch,1757954075213,"144 km ESE of Petropavlovsk-Kamchatsky, Russia",6.0,160.6791,52.6973,15.0,0
us7000qvw5,1757731076761,"105 km E of Petropavlovsk-Kamchatsky, Russia",7.4,160.1901,53.1969,58.0,1
us7000quvp,1757368068117,Vanuatu region,6.4,173.7046,-21.0025,10.0,1
us7000qsvj,1756667854124,"35 km WSW of Asadābād, Afghanistan",6.0,70.8087,34.7106,8.0,0
us7000qr8h,1756266590441,"92 km E of Severo-Kuril’sk, Russia",6.0,157.4273,50.7675,40.0,0
us6000r3l7,1756104514819,east of the Kuril Islands,6.1,160.0428,49.3726,9.0,0
us6000r3at,1755940462210,"88 km SW of Acajutla, El Salvador",6.0,-90.4343,13.0601,17.0,0
us6000r2xq,1755828978246,2025 Southern Drake Passage Earthquake,7.5,-61.9221,-60.3187,10.0,1
us6000r0sa,1755188554235,"115 km SSE of Lata, Solomon Islands",6.3,166.2048,-11.6933,44.99,0
us6000r01m,1754987063409,"195 km WNW of Abepura, Indonesia",6.3,138.966,-2.0302,14.0,1
us6000qznb,1754844827260,"10 km WSW of Bigadiç, Turkey",6.1,28.0168,39.3709,10.0,0
us6000qzh9,1754748247171,"265 km ESE of Severo-Kuril’sk, Russia",6.0,159.7364,50.0723,11.0,0
us6000qxzw,1754281254562,"202 km S of Severo-Kuril’sk, Russia",6.2,156.3666,48.8586,16.0,0
us6000qxt4,1754199475148,"123 km E of Severo-Kuril’sk, Russia",6.8,157.8643,50.5853,30.0,1
us6000qxsv,1754197030505,Pacific-Antarctic Ridge,6.3,-128.6508,-55.2284,10.0,0
us6000qxn6,1754144043328,"165 km SSE of Vilyuchinsk, Russia",6.0,159.4631,51.5911,17.0,0
us6000qxfn,1754072445177,"215 km ESE of Severo-Kuril’sk, Russia",6.1,159.0659,50.2099,10.0,0
us6000qwuh,1753939634789,"222 km SE of Severo-Kuril’sk, Russia",6.2,158.6499,49.5,15.0,0
us6000qwk1,1753891666668,"138 km SE of Severo-Kuril’sk, Russia",6.0,157.2746,49.6696,35.0,0
us6000qwfe,1753869373780,"183 km SE of Vilyuchinsk, Russia",6.1,160.0013,51.6041,10.445,0
us6000qw6s,1753834566520,"126 km SE of Vilyuchinsk, Russia",6.2,159.692,52.1048,35.0,0
us6000qw6q,1753834198961,"125 km SE of Petropavlovsk-Kamchatsky, Russia",6.9,159.8008,52.1946,36.622,0
us6000qwhj,1753832254403,"165 km SSE of Vilyuchinsk, Russia",6.0,159.126,51.5092,35.0,0
us6000r0qc,1753832161341,"124 km ENE of Ozernovskiy, Russia",6.0,158.2503,51.7541,35.0,0
us6000r0xw,1753831844566,"78 km SE of Petropavlovsk-Kamchatsky, Russia",6.1,159.5787,52.6498,25.423,0
us6000r0y5,1753831803032,"94 km SE of Petropavlovsk-Kamchatsky, Russia",6.3,159.7031,52.5195,16.375,0
us6000qw60,1753831492483,"2025 Kamchatka Peninsula, Russia Earthquake",8.8,160.2395,52.4948,35.0,1
us6000qw1a,1753811620918,south of the Fiji Islands,6.6,178.858,-23.4497,553.0,1
us6000qvsf,1753740635109,Macquarie Island region,7.0,157.0388,-57.605,31.0,1
us6000qvpp,1753728110299,"264 km WNW of Sabang, Indonesia",6.4,93.0637,6.6907,21.0,0
us6000qvbw,1753546504546,Macquarie Island region,6.2,157.7252,-57.7718,17.0,1
us6000qv1b,1753442522292,west of Macquarie Island,6.2,146.5854,-55.4066,10.0,0
us6000quy1,1753400276601,"187 km SSE of Mata-Utu, Wallis and Futuna",6.6,-175.7016,-14.9093,314.151,1
us6000quxn,1753396647147,"163 km E of Petropavlovsk-Kamchatsky, Russia",6.0,161.0626,53.0151,14.0,0
us6000qugg,1753303843792,"109 km W of Gorontalo, Indonesia",6.3,122.0874,0.4411,142.0,0
us6000qu2r,1753149568404,"154 km ESE of Petropavlovsk-Kamchatsky, Russia",6.0,160.6453,52.4133,12.308,0
us7000qe51,1753050480041,"91 km SSE of Sand Point, Alaska",6.2,-159.8382,54.6051,40.0,1
us7000qdz2,1752996182065,"143 km E of Petropavlovsk-Kamchatsky, Russia",6.5,160.7461,52.8915,34.991,0
us7000qdyw,1752995262573,"153 km ESE of Petropavlovsk-Kamchatsky, Russia",6.6,160.8332,52.6981,10.0,0
us7000qdyl,1752994144327,"2025 Eastern Kamchatka, Russia Earthquake",7.4,160.6816,52.8301,34.0,1
us7000qdye,1752992897860,"134 km E of Petropavlovsk-Kamchatsky, Russia",6.6,160.6233,52.9286,23.0,1
us7000qd1y,1752698261667,"2025 Sand Point, Alaska Earthquake",7.3,-160.4689,54.5652,38.0,1
us7000qclp,1752513409051,"206 km S of Burica, Panama",6.2,-82.7372,6.1706,10.0,1
us7000qcik,1752472198119,"180 km WSW of Tual, Indonesia",6.7,131.2331,-6.2201,70.687,1
us7000qb4s,1751892824013,"213 km WSW of Riverton, New Zealand",6.2,165.4962,-47.1735,22.0,0
us7000q9b5,1751099540957,Scotia Sea,6.6,-38.9672,-60.9793,10.0,1
us7000q97d,1751065630371,"65 km E of Sarangani, Philippines",6.0,126.0425,5.2888,99.77,0
us7000q8tw,1750889773700,southern Mid-Atlantic Ridge,6.2,-17.0441,-35.7221,10.0,0
us7000q8bd,1750730286248,east of the Philippine Islands,6.2,129.9606,7.9765,10.0,0
us6000qlnz,1750540998562,"82 km SE of Nemuro, Japan",6.0,146.4037,42.8951,18.0,0
us6000qk4v,1749839714935,Kuril Islands,6.0,153.426,46.1842,35.0,0
us6000qixr,1749388085797,"15 km NE of Paratebueno, Colombia",6.3,-73.1248,4.4852,9.0,0
us6000qisj,1749338445671,western Indian-Antarctic Ridge,6.2,115.9955,-47.8272,10.0,0
us6000qigd,1749230106807,"45 km SW of Diego de Almagro, Chile",6.4,-70.4039,-26.639,75.0,1
us6000qh5j,1748730382460,Kermadec Islands region,6.2,-178.1234,-27.8491,10.0,0
us6000qh59,1748726471250,Kermadec Islands region,6.0,-178.5389,-28.1865,10.0,0
us6000qh35,1748701729890,Kermadec Islands region,6.1,-177.9502,-27.7396,10.0,0
us6000qh1r,1748680637097,"78 km S of Kushiro, Japan",6.0,144.4895,42.2705,21.0,0
us6000qgts,1748583398351,southwest of Africa,6.2,9.1051,-53.2836,10.0,0
us7000q1e7,1748170199192,"187 km SSW of ‘Ohonua, Tonga",6.0,-175.8016,-22.8374,48.0,0
us7000q14k,1748018005438,west of Macquarie Island,6.1,147.6655,-56.5536,10.0,0
us7000q0pq,1747883975518,"66 km SE of Emporeío, Greece",6.2,25.9159,35.8915,64.0,0
us7000q0bm,1747753559387,"89 km ENE of Angoram, Papua New Guinea",6.5,144.8116,-3.7575,16.819,1
us7000pz41,1747196140513,"142 km W of Neiafu, Tonga",6.4,-175.3343,-18.7126,260.0,0
us7000pz2p,1747176675880,"20 km SSE of Fry, Greece",6.0,26.9951,35.237,76.202,0
us7000px6v,1746417339960,southern East Pacific Rise,6.0,-107.4203,-35.1429,10.0,0
us7000pwpu,1746208747662,"289 km SSE of Ushuaia, Argentina",6.4,-67.0168,-57.304,8.0,1
us7000pwkn,1746190706014,2025 Drake Passage Earthquake,7.4,-68.1019,-56.8094,10.0,1
us7000pvtr,1745938417897,Macquarie Island region,6.8,155.6446,-54.2616,18.957,1
us7000pvt7,1745932592562,"285 km SW of Bluff, New Zealand",6.2,165.3571,-48.1824,10.595,0
us7000pv06,1745581492634,"19 km NE of Esmeraldas, Ecuador",6.3,-79.5319,1.0835,18.0,0
us7000pufs,1745401751631,"24 km SE of Marmara Ereğlisi, Turkey",6.2,28.1897,40.8342,12.736,0
us7000pu62,1745317031888,"271 km SE of Pondaguitan, Philippines",6.2,127.831,4.5538,104.0,0
us6000q6cs,1744767779524,southeast Indian Ridge,6.6,99.613,-47.8089,10.0,0
us6000q5tp,1744574602841,south of the Fiji Islands,6.5,-178.3309,-25.9815,271.0,1
us6000q5ka,1744429628682,"104 km ESE of Kokopo, Papua New Guinea",6.1,153.1423,-4.7074,52.0,0
us6000q41n,1743797078129,"184 km ESE of Kimbe, Papua New Guinea",6.9,151.6257,-6.3025,9.0,1
us6000q3nw,1743689369739,Reykjanes Ridge,6.9,-32.1071,52.4538,10.0,1
us7000ppfy,1743602637825,"56 km ENE of Nishinoomote, Japan",6.1,131.522,30.9792,29.0,0
us7000ppd9,1743553762306,Pacific-Antarctic Ridge,6.3,-142.2862,-57.0079,10.0,0
us7000pnvp,1743347094834,"72 km SSE of Pangai, Tonga",6.2,-174.0115,-20.3816,17.0,0
us7000pntq,1743337130362,"61 km SSE of Pangai, Tonga",7.0,-174.0718,-20.3036,29.0,1
us7000pnf2,1743182247868,central Mid-Atlantic Ridge,6.6,-29.7635,0.7561,12.323,0
us7000pn9z,1743143524777,Burma (Myanmar),6.7,95.969,21.6975,10.0,0
us7000pn9s,1743142852715,"2025 Mandalay, Burma (Myanmar) Earthquake",7.7,95.9363,22.011,10.0,0
us7000pn7g,1743122061875,central Mid-Atlantic Ridge,6.1,-29.665,0.7055,10.0,0
us7000pmem,1742866991796,"170 km WSW of Riverton, New Zealand",6.7,165.8632,-46.7305,21.0,1
us7000pllu,1742568821774,"88 km SSE of Adak, Alaska",6.2,-176.0703,51.1558,17.0,1
us7000pllt,1742568651364,"124 km SSE of Burica, Panama",6.2,-82.4666,6.9863,10.0,1
us6000py97,1741758131676,"Nicobar Islands, India region",6.0,92.5548,6.9701,23.0,0
us6000pxvx,1741573994609,"34 km NE of Olonkinbyen, Svalbard and Jan Mayen",6.5,-8.1733,71.176,10.0,1
us6000px89,1741278099333,"98 km S of Calama, Chile",6.0,-69.0636,-23.3399,96.0,0
us6000pvgx,1740524145917,"45 km E of Modisi, Indonesia",6.1,124.8407,0.3994,21.726,0
us7000pfmk,1740334578073,"85 km SE of Lata, Solomon Islands",6.0,166.2902,-11.3195,36.0,0
us7000pcdl,1739056994697,"210 km SSW of George Town, Cayman Islands",7.6,-82.395,17.6506,14.326,1
us6000pl8h,1737389846812,"10 km NE of Yujing, Taiwan",6.0,120.5448,23.1816,16.0,0
us6000pjny,1736770772252,"15 km SE of Miyazaki, Japan",6.8,131.5525,31.8326,39.0,1
us6000pjig,1736670769944,"18 km SE of Aquila, Mexico",6.2,-103.3631,18.5019,39.0,0
us6000pi9w,1736211916734,2025 Southern Tibetan Plateau Earthquake,7.1,87.3781,28.6036,10.0,0
us6000pi09,1736097525784,"56 km SSE of La Libertad, El Salvador",6.2,-89.1775,13.0007,46.0,0
us6000phap,1735850615253,"84 km NNW of Calama, Chile",6.1,-69.1069,-21.7109,99.0,0
us6000pgv4,1735739304752,South Sandwich Islands region,6.1,-26.7059,-56.4095,70.0,0
us6000pfw7,1735303657696,Kuril Islands,6.8,151.236,47.2996,146.0,1
us7000p0lv,1734795053399,"33 km W of Port-Vila, Vanuatu",6.1,168.0033,-17.7041,47.0,0
us7000nzf3,1734400045741,"24 km WNW of Port-Vila, Vanuatu",7.3,168.0842,-17.6914,54.372,1
us7000nyqr,1734133098234,"56 km ESE of Molina, Chile",6.4,-70.7256,-35.33,109.0,0
us7000nx5z,1733704732848,"126 km SSW of Adak, Alaska",6.1,-177.443,50.8586,10.0,1
us7000nx5r,1733703330691,"104 km SSW of Adak, Alaska",6.3,-177.1779,50.9985,19.0,1
us7000nx3z,1733687828602,"108 km SSW of Adak, Alaska",6.3,-177.3278,51.0018,18.0,1
us7000nx17,1733653500081,Kuril Islands,6.0,152.3071,48.867,207.0,0
nc75095651,1733424261110,"2024 Offshore Cape Mendocino, California Earthquake",7.0,-125.021666666667,40.374,10.0,1
us7000nu90,1732628823411,"38 km WNW of Hakui, Japan",6.1,136.3653,36.9549,8.0,0
us7000nsa3,1731845789874,"156 km SSE of Koshima, Japan",6.1,131.3968,29.0424,8.0,0
us7000nrwz,1731648510650,"122 km ESE of Kokopo, Papua New Guinea",6.6,153.2923,-4.7548,56.0,1
us7000nr0v,1731257390426,"42 km SSW of Bartolomé Masó, Cuba",6.8,-77.0506,19.7974,14.0,1
us7000nql2,1731065880376,"239 km WNW of Cochrane, Chile",6.3,-75.6402,-46.7807,10.0,0
us7000np33,1730319320095,"267 km W of Bandon, Oregon",6.0,-127.6418,43.5842,10.0,1
us7000nnz9,1730290731671,"126 km N of Kimbe, Papua New Guinea",6.0,150.0827,-4.4064,509.0,0
us7000nmlt,1729694284614,"146 km SSW of Severo-Kuril’sk, Russia",6.2,155.6369,49.394,40.0,0
us6000nyzk,1729064792516,"19 km W of Doğanyol, Turkey",6.0,38.8059,38.3115,10.0,0
us6000nyau,1728755024516,"40 km WNW of Tamarindo, Costa Rica",6.2,-86.1497,10.4967,16.0,0
us7000nhjw,1727813134967,"125 km SE of Neiafu, Tonga",6.6,-173.0007,-19.2886,10.0,1
us7000nhex,1727774885313,"260 km ESE of Baubau, Indonesia",6.1,124.8988,-5.9828,576.0,0
us7000ngmr,1727378368664,Mauritius - Reunion region,6.3,66.5336,-17.199,10.0,0
us6000ntxc,1727121062568,"67 km SSW of Gorontalo, Indonesia",6.0,122.8918,-0.0469,143.0,0
us6000ntjh,1726953868737,"95 km NNW of Villa General Roca, Argentina",6.0,-66.887,-31.8909,141.0,0
us7000ne84,1726486594522,"266 km NE of Saipan, Northern Mariana Islands",6.3,147.2254,17.1539,31.0,0
us7000ne51,1726438968018,"271 km WNW of Port McNeill, Canada",6.5,-130.6121,51.6088,3.766,1
us7000nd4f,1726073165054,"168 km SW of Lorengau, Papua New Guinea",6.3,146.4088,-3.2871,8.0,0
us6000nps8,1725498195672,"59 km NNE of Angoram, Papua New Guinea",6.2,144.1953,-3.5428,7.0,0
us6000np3z,1725221614201,"56 km S of Panguna, Papua New Guinea",6.4,155.5297,-6.8295,39.0,1
us6000nnlx,1724991862983,"117 km E of Petropavlovsk-Kamchatsky, Russia",6.0,160.3787,53.0016,26.0,0
us6000nncs,1724882274957,"56 km SSW of La Libertad, El Salvador",6.1,-89.583,13.0471,26.358,0
us7000n9dz,1724628651981,"65 km W of Pangai, Tonga",6.0,-174.9814,-19.7667,99.28,0
us7000n9dt,1724628547544,"75 km W of Pangai, Tonga",6.9,-175.0711,-19.8125,96.0,1
us7000n7n8,1723921826820,"102 km E of Petropavlovsk-Kamchatsky, Russia",7.0,160.1331,52.9308,29.0,1
us7000n7b8,1723764953943,"30 km SSE of Hualien City, Taiwan",6.1,121.7669,23.7491,14.0,0
us6000nj9s,1723260512681,"151 km E of Dolinsk, Russia",6.5,144.7915,47.223,402.166,1
us6000nith,1723102975206,"2024 Hyuganada Sea, Japan Earthquake",7.1,131.5021,31.7599,24.0,0
us6000nht0,1722658826565,"44 km E of Barcelona, Philippines",6.3,126.8354,8.2038,15.0,0
us6000nhqc,1722637382111,"20 km E of Barcelona, Philippines",6.8,126.6161,8.1851,32.0,1
us6000ngng,1722258431966,"73 km SSE of Pangai, Tonga",6.0,-173.9806,-20.3812,9.0,0
us7000n0s8,1721624667743,"99 km NE of Norsup, Vanuatu",6.1,168.1241,-15.5073,4.0,0
us7000n0ka,1721530428910,"6 km E of Jalapa, Guatemala",6.2,-89.9316,14.6445,272.0,0
us7000n068,1721358827417,"168 km SW of Nikolski, Alaska",6.0,-170.9116,52.0859,40.972,1
us7000n05d,1721353848571,"41 km ESE of San Pedro de Atacama, Chile",7.4,-67.8404,-23.0791,127.291,1
us7000mykj,1720710527169,"209 km WSW of Tofino, Canada",6.4,-128.7103,48.7877,10.0,1
us7000myfa,1720663998585,"106 km WSW of Sangay, Philippines",7.1,123.1503,6.0838,639.503,1
us7000my76,1720587341780,south of Africa,6.6,25.3481,-53.3092,4.0,0
us7000mxmu,1720382472295,"Bonin Islands, Japan region",6.2,138.8289,26.8957,546.0,0
us6000n948,1719644732855,"34 km SW of Atiquipa, Peru",6.1,-74.556,-16.0485,18.0,0
us6000n8tq,1719552996902,"10 km WSW of Atiquipa, Peru",7.2,-74.454,-15.8277,24.0,1
us7000mu8s,1719216217383,"49 km NNE of Port-Olry, Vanuatu",6.3,167.2426,-14.6255,149.0,0
us7000mu1p,1719115078918,"20 km NE of Yaguaraparo, Venezuela",6.0,-62.6868,10.6921,77.0,0
us7000mstj,1718549253155,"10 km SW of Atiquipa, Peru",6.0,-74.4353,-15.8557,27.0,0
us7000msqt,1718497676629,west of Macquarie Island,6.0,154.3353,-60.9499,7.727,0
us7000mrbr,1717926949381,Pacific-Antarctic Ridge,6.2,-133.9509,-53.8559,10.0,0
us7000mp9e,1717170880923,Kermadec Islands region,6.2,-176.8653,-28.9579,16.0,0
us7000mp99,1717170369810,Prince Edward Islands region,6.2,41.7226,-43.3059,10.0,0
us6000n158,1716756432057,"70 km NW of Fangale’ounga, Tonga",6.6,-174.841,-19.3431,137.0,1
us6000n102,1716675795997,"83 km NW of Port-Vila, Vanuatu",6.3,167.8706,-17.1173,22.0,1
us6000mzme,1716111324660,"169 km SW of Nikolski, Alaska",6.0,-170.9122,52.0681,28.0,1
us6000my20,1715513952718,"28 km WSW of Brisas Barra de Suchiate, Mexico",6.4,-92.4617,14.4264,61.91,0
us6000mx5c,1715156235894,"101 km ENE of Luganville, Vanuatu",6.1,168.0214,-15.1324,19.175,0
us6000mwjd,1714933991021,"154 km WSW of Fakfak, Indonesia",6.1,130.9618,-3.3167,16.0,0
us6000muc0,1714235390643,"91 km S of Banjar, Indonesia",6.1,107.2798,-8.005,59.701,0
us6000mu8k,1714206934207,"Bonin Islands, Japan region",6.5,139.6186,27.8209,496.0,1
us6000mt0s,1713810768439,"13 km SSW of Hualien City, Taiwan",6.1,121.5662,23.8586,10.0,0
us6000mt0r,1713810412852,"29 km S of Hualien City, Taiwan",6.1,121.6599,23.7141,9.0,1
us7000mcpi,1713363286694,"18 km W of Uwajima, Japan",6.3,132.3647,33.2503,32.0,0
us7000mc2t,1713128188201,"111 km ESE of Kimbe, Papua New Guinea",6.5,151.0953,-5.8565,49.0,1
us7000maxr,1712656079810,"150 km NW of Tobelo, Indonesia",6.4,127.0624,2.6982,22.0,1
us7000ma2w,1712314996357,"Maug Islands region, Northern Mariana Islands",6.8,145.3659,19.1103,222.0,1
us7000m9sq,1712200590313,"77 km E of Minami-Sōma, Japan",6.1,141.856,37.7104,29.0,0
us7000m9gc,1712103085266,"15 km NNE of Hualien City, Taiwan",6.4,121.6812,24.1021,13.931,0
us7000m9g4,1712102292173,"15 km S of Hualien City, Taiwan",7.4,121.5976,23.8356,40.0,1
us7000m9bq,1712051648569,"137 km ENE of Saipan, Northern Mariana Islands",6.2,146.8779,15.8146,10.0,0
us7000m86i,1711502897689,Vanuatu region,6.4,173.7373,-21.0715,10.0,1
us6000mksx,1711225324348,"36 km ENE of Ambunti, Papua New Guinea",6.9,143.134,-4.1292,41.464,1
us6000mkfz,1711097578999,"110 km N of Paciran, Indonesia",6.4,112.3646,-5.8754,9.471,0
us6000miy6,1710450624786,northern Mid-Atlantic Ridge,6.2,-42.6608,29.7971,10.0,0
us6000milg,1710342802779,"68 km ESE of Kimbe, Papua New Guinea",6.0,150.6843,-5.831,44.0,0
us7000m439,1709889105110,"103 km SE of Pondaguitan, Philippines",6.0,126.9407,5.8168,115.0,0
us6000mgyj,1709668372612,Macquarie Island region,6.1,158.7607,-59.1953,10.0,0
us6000mghc,1709482613995,Macquarie Island region,6.8,159.1441,-58.8881,23.187,1
us7000m0zq,1708653073973,southern East Pacific Rise,6.3,-110.7745,-35.0892,10.0,0
us7000lz5f,1707910822125,"171 km NNE of Colonia, Micronesia",6.0,138.5725,11.0047,14.0,0
us7000lym6,1707736774858,"Volcano Islands, Japan region",6.1,142.7919,22.0086,236.0,0
us7000lxyv,1707476268482,"Kermadec Islands, New Zealand",6.1,-177.2323,-29.9268,13.0,0
us7000lui3,1706434736538,"70 km W of Tarauacá, Brazil",6.5,-71.4005,-8.236,621.081,0
us7000luai,1706334768419,"15 km W of Taxisco, Guatemala",6.1,-90.6159,14.0636,90.0,0
us7000lt73,1706020425022,"39 km SW of Port-Vila, Vanuatu",6.3,168.0499,-17.9827,31.0,1
us7000lsze,1705946944340,"128 km WNW of Aykol, China",7.0,78.6538,41.2555,13.0,0
us6000m53t,1705788579708,Southwest Indian Ridge,6.2,46.1966,-39.93,10.0,0
us6000m52p,1705786265092,"123 km NW of Tarauacá, Brazil",6.6,-71.464,-7.2879,607.0,0
us6000m50e,1705765720121,"Pagan region, Northern Mariana Islands",6.1,145.6341,18.5192,184.0,0
us6000m4js,1705615941755,"148 km NW of Fangale’ounga, Tonga",6.4,-175.4225,-18.9103,209.0,0
us6000m31m,1704964826337,"45 km SSW of Jurm, Afghanistan",6.4,70.6013,36.4979,204.0,0
us6000m2jp,1704746922361,"93 km SE of Sarangani, Philippines",6.7,126.1575,4.9225,62.574,1
us6000m0xm,1704093521584,"8 km SW of Anamizu, Japan",6.2,136.8272,37.1895,10.0,0
us6000m0xl,1704093009476,"2024 Noto Peninsula, Japan Earthquake",7.5,137.271,37.4874,10.0,1
us6000m0n6,1703956583833,"146 km WSW of Abepura, Indonesia",6.3,139.372,-2.9934,33.0,1
us6000m05c,1703754916131,"115 km SE of Kuril’sk, Russia",6.5,149.0388,44.596,31.0,0
us7000lkxb,1703266592014,south of Africa,6.1,27.9516,-52.0879,10.0,0
usd0010b4f,1703170556291,"116 km SE of Adak, Alaska",6.1,-175.3313,51.2097,20.0,1
us7000lkb1,1703074281484,"11 km E of Iray, Peru",6.2,-72.5207,-15.8585,93.0,0
us7000li15,1702276412480,"174 km NW of Fangale’ounga, Tonga",6.2,-175.6541,-18.8139,248.0,0
us7000lgwp,1701953790184,"118 km S of Isangel, Vanuatu",7.1,169.3089,-20.6152,48.0,1
us7000lfxx,1701632975739,"34 km ENE of Aras-asan, Philippines",6.9,126.6121,8.9705,20.0,1
us7000lfwj,1701614156830,"58 km E of Marihatag, Philippines",6.0,126.823,8.732,13.0,0
us7000lftp,1701599752871,"47 km ENE of Hinatuan, Philippines",6.6,126.7454,8.488,19.0,1
us7000lgan,1701550335877,"49 km NE of Barcelona, Philippines",6.0,126.7782,8.4475,9.0,0
us7000lfkh,1701540565972,"63 km ENE of Barcelona, Philippines",6.3,126.9387,8.4402,46.378,0
us7000lfjr,1701538815233,"41 km NE of Barcelona, Philippines",6.1,126.722,8.423,36.091,0
us7000lfi0,1701533021167,"47 km NE of Barcelona, Philippines",6.4,126.757,8.4377,35.0,1
us7000lff4,1701527824454,"19 km E of Gamut, Philippines",7.6,126.4161,8.5266,40.0,1
us7000le6w,1701121602183,"44 km E of Wewak, Papua New Guinea",6.5,144.0313,-3.5605,10.0,1
us6000lqf9,1700816703893,"Maug Islands region, Northern Mariana Islands",6.9,145.5195,20.1319,22.163,1
us6000lq00,1700628451590,"97 km E of Port-Olry, Vanuatu",6.7,167.9718,-14.9603,13.0,1
us6000lpyx,1700621331641,"91 km W of Tobelo, Indonesia",6.0,127.1887,1.7827,102.0,0
us6000lp12,1700208850513,"32 km SW of Kablalan, Philippines",6.7,125.0013,5.5627,52.0,1
usd00103xy,1699945256463,South Indian Ocean,6.1,87.1044,-4.033,9.0,0
us7000lali,1699861414115,"126 km WNW of Rabaul, Papua New Guinea",6.1,151.067,-3.8855,10.0,0
us7000la7r,1699649111772,Banda Sea,6.1,130.0606,-6.0976,9.969,0
us7000l9ku,1699448526115,Banda Sea,6.7,129.8738,-6.131,10.0,0
us7000l9h4,1699419229631,Banda Sea,7.1,129.5466,-6.416,6.0,0
us7000l9h2,1699419171393,Banda Sea,6.7,129.7518,-6.4442,10.0,1
us7000l85t,1698872688023,"20 km NE of Kupang, Indonesia",6.1,123.7541,-10.0561,51.0,0
us7000l7si,1698755623732,"80 km WSW of Vallenar, Chile",6.6,-71.5573,-28.7431,34.0,1
us7000l7qy,1698750656943,"185 km ENE of Levuka, Fiji",6.5,-179.0263,-17.5412,560.0,0
us7000l7b6,1698553927316,"53 km WNW of Isangel, Vanuatu",6.0,168.8034,-19.3871,68.0,0
us6000lhgd,1698055814193,"Kermadec Islands, New Zealand",6.0,-177.45,-29.9334,19.0,0
us6000lfvn,1697456130449,"78 km NNW of Adak, Alaska",6.4,-176.924,52.5592,174.0,1
us6000lfn5,1697340960454,"34 km NNW of Herāt, Afghanistan",6.3,62.1244,34.6529,9.0,0
us6000lews,1697054698206,west of Macquarie Island,6.3,139.6131,-52.0446,10.0,0
us6000len8,1696984915908,"24 km NNW of Herāt, Afghanistan",6.3,62.0509,34.5364,8.0,0
us6000legn,1696932091660,"61 km WSW of Abra Pampa, Argentina",6.0,-66.2547,-22.9147,253.0,0
us6000ldqf,1696668011361,"48 km SE of Madang, Papua New Guinea",6.9,146.1439,-5.4749,52.0,0
us6000ldqd,1696667666985,"54 km SE of Madang, Papua New Guinea",6.7,146.138,-5.5729,55.0,1
us6000ldpm,1696662769702,"25 km NNE of Zindah Jān, Afghanistan",6.3,61.8891,34.5442,8.0,0
us6000ldpg,1696660863327,"32 km NNE of Zindah Jān, Afghanistan",6.3,61.9263,34.5982,14.0,0
us6000ldbb,1696555877149,"Izu Islands, Japan region",6.1,139.9683,30.1409,10.0,0
us6000lcz1,1696471198562,"Izu Islands, Japan region",6.1,139.9904,29.8466,10.0,0
us6000lcri,1696418507730,"65 km E of Sarangani, Philippines",6.4,126.0438,5.3171,113.0,0
us6000lch5,1696333084199,"Izu Islands, Japan region",6.0,140.0108,29.9183,10.0,0
us6000lbdi,1695912025892,"62 km E of Luganville, Vanuatu",6.1,167.741,-15.5866,125.0,0
us7000kx7j,1695330708933,Vanuatu,6.1,167.2467,-14.0192,185.0,0
us7000kwg2,1695043283535,"191 km N of Hirara, Japan",6.3,125.2312,26.5312,176.0,0
us7000kvhu,1694605755813,West Chile Rise,6.1,-97.9312,-36.2299,10.0,0
us7000kv90,1694516597243,"69 km N of Namuac, Philippines",6.2,121.2293,19.2355,31.11,0
us7000kv0k,1694436693104,"38 km NNE of Ternate, Indonesia",6.0,127.4888,1.1246,151.0,0
us7000kulj,1694270604563,"101 km N of Palu, Indonesia",6.0,119.7663,0.0018,13.0,0
us7000kufc,1694211061405,"Al Haouz, Morocco",6.8,-8.3847,31.058,19.0,0
us7000ku47,1694164197277,south of the Kermadec Islands,6.6,-179.3741,-32.7996,79.0,1
us7000ktti,1694044084632,"38 km SSW of Coquimbo, Chile",6.3,-71.4817,-30.2737,36.0,0
us7000ksrl,1693601394440,"13 km E of Severo-Kuril’sk, Russia",6.1,156.313,50.6792,137.0,0
us7000krjx,1693252530875,"180 km NNE of Gili Air, Indonesia",7.1,116.5211,-6.7888,500.0,1
us7000kqbl,1692800563170,"17 km NNW of El Hoyo, Argentina",6.2,-63.2947,-26.8836,554.0,0
us7000kp2i,1692291888770,"10 km E of El Calvario, Colombia",6.1,-73.6199,4.3463,10.0,0
us7000kp2g,1692290461780,central Mid-Atlantic Ridge,6.0,-19.5802,-0.3289,10.0,0
us7000knq0,1692190059720,"35 km W of Sola, Vanuatu",6.5,167.2249,-13.8882,188.0,0
us6000kzv3,1692021113761,Mariana Islands region,6.1,147.5297,13.347,8.0,0
us6000kztr,1692009598130,Prince Edward Islands region,6.0,39.1083,-43.5041,10.0,0
us6000kyph,1691519934184,"105 km NE of Hihifo, Tonga",6.1,-173.1883,-15.2082,42.0,0
us6000ky1y,1691220006009,"Santiago del Estero, Argentina",6.2,-63.1836,-28.1775,575.0,0
us6000kvmq,1690375475646,"96 km ENE of Port-Olry, Vanuatu",6.4,167.9135,-14.74,13.0,1
us7000khw8,1690166996186,"665 km S of Suva, Fiji",6.0,178.7423,-24.0956,523.0,0
us7000kgpb,1689726127656,"43 km S of Intipucá, El Salvador",6.5,-88.0796,12.8,70.808,0
us7000kg9g,1689563111472,"19 km SE of Loncopué, Argentina",6.6,-70.4427,-38.1862,186.0,0
us7000kg30,1689490101158,"2023 Sand Point, Alaska Earthquake",7.2,-160.762,54.3926,25.0,1
us7000kfnc,1689326940404,"Offshore Chiapas, Mexico",6.3,-93.9011,14.9004,34.0,0
us7000keq3,1689020906195,"278 km NNE of Codrington, Antigua and Barbuda",6.6,-61.1021,20.0634,14.0,1
us6000kpls,1688293663732,"132 km NW of Neiafu, Tonga",6.9,-174.9484,-17.881,229.0,1
us7000kayb,1687677418830,south of Tonga,6.2,-175.576,-24.0818,9.0,0
us7000k9jv,1687173491960,"96 km ESE of Angoram, Papua New Guinea",6.2,144.8345,-4.4729,23.844,0
us7000k9fi,1687125557213,south of Africa,6.0,31.1318,-48.6733,8.0,0
us7000k9f0,1687120221227,Gulf of California,6.4,-108.6922,23.1671,4.0,1
us7000k96l,1687001180456,"241 km SSW of ‘Ohonua, Tonga",6.1,-175.472,-23.4652,22.0,0
us7000k91w,1686942651064,"254 km SSW of ‘Ohonua, Tonga",6.2,-175.6208,-23.5577,16.0,1
us7000k8vq,1686903094184,"261 km SSW of ‘Ohonua, Tonga",6.0,-175.9259,-23.5201,20.0,0
us7000k8qh,1686852388572,"274 km SW of Houma, Tonga",7.2,-177.1067,-22.9936,179.0,1
us7000k8jz,1686795563272,"Mindoro, Philippines",6.2,120.7203,13.7629,112.0,0
us7000k7su,1686477284886,"20 km WSW of Biratori, Japan",6.2,141.9005,42.5268,121.0,0
us7000k54z,1685499683997,"Auckland Islands, New Zealand region",6.3,163.8553,-49.6093,14.778,0
us7000k4dc,1685146260804,Tonga,6.0,-175.1849,-18.4836,222.0,0
us7000k4cr,1685139505271,West Chile Rise,6.0,-91.372,-39.0059,10.0,0
us7000k46f,1685095404100,"12 km SE of Narutō, Japan",6.1,140.5281,35.5294,42.0,0
us7000k3n3,1684983932956,"45 km NE of Puerto Obaldía, Panama",6.5,-77.0904,8.9223,13.0,1
us7000k3h5,1684943374402,Banda Sea,6.2,129.5293,-6.9484,158.0,0
us7000k36n,1684824118609,"290 km E of Vao, New Caledonia",6.1,170.3067,-22.9954,10.0,0
us6000kdnw,1684683913303,"55 km WNW of Kirakira, Solomon Islands",6.1,161.4437,-10.2725,82.297,0
us6000kdmq,1684681008208,Prince Edward Islands region,6.8,39.3035,-43.3991,28.0,0
us6000kdcu,1684548594333,southeast of the Loyalty Islands,6.5,170.5524,-22.956,10.0,0
us6000kdce,1684547459158,southeast of the Loyalty Islands,7.1,170.5603,-23.0421,27.309,1
us6000kd0n,1684465023172,southeast of the Loyalty Islands,7.7,170.7423,-23.2063,18.053,1
us6000kcnb,1684364519919,"8 km SE of Canillá, Guatemala",6.4,-90.8052,15.1066,252.0,0
us6000kawn,1683734520334,"82 km WNW of Hihifo, Tonga",7.6,-174.4925,-15.6278,210.0,1
us6000k9mb,1683265324365,"49 km NE of Anamizu, Japan",6.2,137.2994,37.5476,10.0,0
us7000jwhe,1682651628476,south of the Fiji Islands,6.6,178.4274,-25.1498,563.0,0
us7000jwhc,1682651624419,south of the Fiji Islands,6.0,178.5065,-25.1471,587.56,0
us7000jvl3,1682366457265,"171 km SSE of Teluk Dalam, Indonesia",7.1,98.5112,-0.8082,34.0,0
us6000k6mg,1682296915894,"Kermadec Islands, New Zealand",7.1,-177.8386,-29.9574,46.755,1
us6000k6ai,1682151822033,Banda Sea,6.2,125.585,-5.2611,4.0,0
us6000k5gu,1681895163150,"30 km NNE of Kandrian, Papua New Guinea",6.3,149.635,-5.9496,40.0,0
us6000k587,1681792302284,south of the Fiji Islands,6.7,179.4509,-22.3188,580.0,1
us6000k49j,1681466145220,"Java, Indonesia",7.0,112.0478,-6.0413,597.0,0
us6000k42y,1681401293808,"237 km SW of Port McNeill, Canada",6.0,-129.6178,49.215,7.0,1
us6000k20g,1680646692640,"73 km S of Boca Chica, Panama",6.3,-82.3345,7.5671,16.0,1
us6000k1x2,1680612871503,"124 km E of Gigmoto, Philippines",6.2,125.5376,13.7318,10.0,0
us6000k1qa,1680533981845,"77 km SW of Padangsidempuan, Indonesia",6.1,98.835,0.8388,84.0,0
us6000k1mn,1680491217235,"23 km SSE of Vilyuchinsk, Russia",6.5,158.4935,52.7227,101.0,1
us6000k1id,1680458651261,"40 km ESE of Ambunti, Papua New Guinea",7.0,143.1658,-4.3229,70.0,1
us6000k0xf,1680197588544,"105 km WSW of Constitución, Chile",6.3,-73.4965,-35.6663,26.0,0
us6000k09q,1679995108506,"Hokkaido, Japan region",6.0,142.8148,41.1434,37.0,0
us6000k05c,1679955555181,Solomon Islands,6.2,158.9118,-8.2322,79.0,0
us7000jlxu,1679500834663,"86 km WSW of El Aguilar, Argentina",6.4,-66.4954,-23.4224,228.0,0
us7000jln7,1679417243626,"40 km SSE of Jurm, Afghanistan",6.5,70.943,36.523,192.0,0
us7000jl3s,1679159572481,"14 km NNW of Baláo, Ecuador",6.8,-79.8518,-2.7834,68.0,1
us7000jkbd,1678928160149,Kermadec Islands region,7.0,-176.2047,-30.1741,10.0,1
us7000jjp7,1678754948469,"118 km E of Madang, Papua New Guinea",6.3,146.8342,-5.4205,213.0,0
us7000jh99,1677912083113,"Kermadec Islands, New Zealand",6.9,-178.7965,-29.5023,211.0,1
usd000j5jt,1677780270810,"83 km WSW of Port-Olry, Vanuatu",6.5,166.3907,-15.3766,17.0,1
us7000jgfd,1677648974834,"106 km NW of Kimbe, Papua New Guinea",6.6,149.5041,-4.8255,600.933,1
us6000jrlp,1677360287577,"33 km ENE of Kandrian, Papua New Guinea",6.2,149.828,-6.0883,34.0,1
us6000jrjl,1677331663704,"Hokkaido, Japan region",6.0,145.0212,42.8258,55.0,0
us6000jr32,1677182567541,"172 km N of Tobelo, Indonesia",6.3,128.1356,3.2796,92.0,0
us6000jqxc,1677112658163,"65 km WSW of Murghob, Tajikistan",6.9,73.2287,38.0552,9.0,0
us6000jqcn,1676912669747,"2 km NNW of Uzunba?, Turkey",6.3,36.0251,36.1616,16.0,0
us6000jpl7,1676626654656,"130 km SSW of Tual, Indonesia",6.1,132.106,-6.6176,39.742,0
us6000jp76,1676484608107,"9 km NNE of Miaga, Philippines",6.1,123.8605,12.3099,8.0,0
us6000jnk5,1676279892524,"Kermadec Islands, New Zealand",6.1,-178.9718,-29.3698,354.0,0
us6000jlrc,1675684931275,"4 km NNE of Göksun, Turkey",6.0,36.5114,38.0582,8.516,0
us6000jm1y,1675679206742,"12 km W of Çelikhan, Turkey",6.0,38.0984,38.0315,10.0,0
us6000jlqa,1675679088811,"Elbistan earthquake, Kahramanmaras earthquake sequence",7.5,37.1962,38.0106,7.432,0
us6000jlm1,1675646895784,"14 km E of Nurda??, Turkey",6.7,36.8929,37.1893,9.797,0
us6000jllz,1675646254342,"Pazarcik earthquake, Kahramanmaras earthquake sequence",7.8,37.0143,37.2256,10.0,0
us6000jkpr,1675248286067,"1 km NW of Babag, Philippines",6.0,126.0566,7.7431,19.0,0
us6000jjcy,1674729952834,"Kermadec Islands, New Zealand",6.0,-178.6615,-30.2115,131.0,0
us6000jiyj,1674585418973,"Santiago del Estero, Argentina",6.4,-63.1128,-26.7196,580.0,0
us7000j5x2,1674252579053,"29 km SW of Campo Gallo, Argentina",6.8,-63.0824,-26.7506,596.837,0
us7000j5sc,1674213820603,"40 km WSW of Pointe-Noire, Guadeloupe",6.1,-62.1529,16.1397,162.0,0
us7000j553,1674021971454,"156 km NW of Tobelo, Indonesia",7.0,127.0221,2.7306,29.708,1
us7000j511,1674002085151,"62 km SSE of Gorontalo, Indonesia",6.0,123.1998,-0.0116,154.0,0
us7000j4mj,1673844591935,"Bonin Islands, Japan region",6.3,139.3452,28.9804,405.0,0
us7000j4kr,1673821798940,"40 km SE of Singkil, Indonesia",6.1,97.9979,1.9837,37.0,0
us7000j36j,1673286455037,"Pulau Pulau Tanimbar, Indonesia",7.6,130.009,-7.0586,104.95,0
us7000j2yw,1673181162372,"23 km WNW of Port-Olry, Vanuatu",7.0,166.8791,-14.9467,29.0,1
us7000j2b9,1672928753019,"44 km S of Jurm, Afghanistan",6.0,70.7455,36.4738,203.0,0
us7000j0n4,1672245259271,"289 km SE of Isangel, Vanuatu",6.1,171.3773,-21.2566,4.0,1
nc73821036,1671532464770,"15km WSW of Ferndale, CA",6.4,-124.423,40.525,17.91,1
us6000j985,1671043226898,"Rat Islands, Aleutian Islands, Alaska",6.3,178.5971,51.6079,73.0,1
us6000j8lp,1670769089051,"7 km W of Corral Falso, Mexico",6.0,-100.53,17.1801,18.0,0
us6000j6w8,1670181855394,"109 km NE of Hihifo, Tonga",6.8,-172.9867,-15.3497,38.0,1
us7000irp8,1669165695435,"15 km W of Düzce, Turkey",6.1,30.9831,40.8356,10.0,0
us7000irjd,1669135145789,"28 km SW of Las Brisas, Mexico",6.2,-116.3907,30.7936,10.0,1
us7000irfm,1669084677529,Solomon Islands,6.0,159.4589,-9.8203,10.0,0
us7000irfb,1669082586891,"18 km SW of Malango, Solomon Islands",7.0,159.6033,-9.8198,14.0,1
us7000iqpn,1668778628687,"204 km SW of Bengkulu, Indonesia",6.9,100.7862,-4.9043,25.0,0
us7000ipkm,1668413306124,"85 km SSE of Toba, Japan",6.1,137.3055,33.8139,346.0,0
us7000ipkb,1668402251890,south of the Fiji Islands,6.1,178.2034,-26.0027,630.185,0
us7000ipe4,1668306297830,"Near the coast of Bio-Bio, Chile",6.2,-73.6757,-37.4652,18.0,0
us7000ip8h,1668236953514,Fiji region,7.0,-178.3453,-20.1112,579.0,1
us7000ip0l,1668163726710,"205 km ESE of Neiafu, Tonga",7.3,-172.1471,-19.2881,37.0,1
us7000inht,1667988873810,south of the Fiji Islands,6.6,178.2612,-25.5781,624.464,1
us7000ingi,1667987464068,south of the Fiji Islands,7.0,178.3427,-26.0901,660.0,1
us7000ingh,1667986722828,south of the Fiji Islands,6.8,178.2776,-26.0077,630.379,1
us7000imgl,1667556166346,"82 km SSW of Bahía de Kino, Mexico",6.1,-112.3106,28.1573,10.0,0
us7000ilyk,1667398673832,South Sandwich Islands region,6.1,-25.7774,-60.7841,25.0,0
us7000ilwt,1667364793239,North Pacific Ocean,6.0,-133.351,31.5042,10.0,0
us6000iwds,1666709940085,"11 km E of Dolores, Philippines",6.4,120.8147,17.6609,6.0,1
us6000iw74,1666656781678,South Sandwich Islands region,6.3,-26.1414,-58.7769,79.0,0
us6000iv6c,1666267032575,"60 km SSW of Boca Chica, Panama",6.7,-82.3342,7.6901,20.0,1
us6000iu4b,1665924501665,off the coast of Central America,6.3,-87.5675,4.3584,15.0,1
us6000itgv,1665699620620,"155 km ESE of Kokopo, Papua New Guinea",6.4,153.5906,-4.812,72.0,0
us6000isau,1665333484811,central Mid-Atlantic Ridge,6.2,-23.9041,-1.3636,10.0,0
us6000ipva,1664587133386,Reykjanes Ridge,6.0,-35.5074,53.7049,10.0,0
us6000ip57,1664420604073,east of the South Sandwich Islands,6.5,-20.025,-60.8308,11.0,1
us7000iam0,1663973607870,"156 km WNW of Ancud, Chile",6.1,-75.5767,-41.3788,20.0,0
us7000iaka,1663966378398,"37 km SSW of Meulaboh, Indonesia",6.2,96.0514,3.8109,42.181,0
us7000ia36,1663827369459,"55 km SSW of Aguililla, Mexico",6.8,-102.9554,18.2633,20.0,1
us7000i9l5,1663698222896,"254 km ESE of Ust’-Kamchatsk Staryy, Russia",6.0,166.3282,55.5042,10.0,0
us7000i9bw,1663610708217,"35 km SSW of Aguililla, Mexico",7.6,-102.9561,18.4552,26.943,1
us7000i90q,1663483453846,"90 km E of Yujing, Taiwan",6.9,121.3439,23.138,10.0,1
us7000i8ui,1663422077890,"96 km SE of Lugu, Taiwan",6.5,121.4138,23.1191,10.0,1
us7000i7ya,1663153446558,"209 km SSE of Isangel, Vanuatu",7.0,170.2666,-21.1909,137.0,1
us6000iitd,1662853620233,"70 km E of Kainantu, Papua New Guinea",7.6,146.5038,-6.2944,116.0,1
us6000iisb,1662851443721,"173 km WSW of Pariaman, Indonesia",6.0,98.654,-1.149,20.0,0
us6000iikp,1662768312947,"260 km ESE of Biak, Indonesia",6.2,138.1784,-2.2313,21.0,0
us6000iika,1662766307409,"Papua, Indonesia",6.2,138.1979,-2.2492,18.0,0
us7000i59t,1662353539645,"44 km SE of Kangding, China",6.6,102.236,29.6786,12.0,0
us7000i585,1662335851734,southern East Pacific Rise,6.2,-124.478,-56.0375,10.0,0
us7000i53f,1662284538219,central Mid-Atlantic Ridge,6.9,-21.7155,-0.9339,10.0,1
us7000i4st,1662158391520,"110 km WNW of Kandrian, Papua New Guinea",6.1,148.7121,-5.6524,125.0,0
us7000i3mp,1661850583266,Pacific-Antarctic Ridge,6.3,-136.1522,-54.6506,10.0,0
us7000i38s,1661743753691,"173 km WSW of Pariaman, Indonesia",6.2,98.6046,-0.988,17.0,0
us6000id0t,1661265099374,"119 km S of Pagar Alam, Indonesia",6.2,103.079,-5.0926,45.258,0
us6000iav7,1660511084737,southeast of the Loyalty Islands,6.4,170.966,-22.0781,78.0,0
us6000iasi,1660484659694,south of the Kermadec Islands,6.6,-179.0088,-32.7361,30.0,1
us6000i636,1658981703913,"22 km NW of Tocopilla, Chile",6.1,-70.3386,-21.9311,54.0,0
us6000i5zi,1658948338306,"Antofagasta, Chile",6.2,-68.5789,-22.1876,112.0,0
us6000i5rd,1658882606871,"11 km NE of Bantay, Philippines",7.0,120.8181,17.5207,33.729,1
us6000i2v0,1657913842791,"Off the coast of Aisen, Chile",6.4,-79.6496,-44.6215,24.499,0
us6000i1wg,1657653418460,Easter Island region,6.8,-114.2583,-22.5907,10.0,1
us6000i1ms,1657573847785,"82 km ESE of Port-Vila, Vanuatu",6.0,168.9678,-18.1404,10.0,0
us6000hz9v,1656717913465,"57 km NE of Bandar-e Lengeh, Iran",6.0,55.3213,26.8878,9.0,0
us6000hz8x,1656711127977,"52 km NE of Bandar-e Lengeh, Iran",6.0,55.2389,26.9061,16.0,0
us6000hywe,1656614436938,"49 km NNE of Namuac, Philippines",6.0,121.3363,19.0236,30.0,0
us7000hj3u,1655844874410,"55 km SW of Kh?st, Afghanistan",6.0,69.4639,33.0203,4.0,0
us7000hfrj,1654649746777,"107 km SSW of Tarauacá, Brazil",6.5,-71.1783,-9.0472,622.73,0
us7000hf1u,1654385892123,"Rat Islands, Aleutian Islands, Alaska",6.3,178.2682,52.0536,105.0,1
us7000hexr,1654348668196,west of Macquarie Island,6.4,148.6769,-57.7238,10.0,0
us7000hexp,1654348045926,"129 km NW of Neiafu, Tonga",6.3,-174.9679,-17.9601,237.0,0
us7000hcwg,1653618965556,"37 km NE of Lospalos, Timor Leste",6.2,127.2079,-8.2572,49.0,0
us7000hct4,1653588604775,southern East Pacific Rise,6.2,-114.9698,-49.7722,10.0,0
us7000hcqw,1653579478560,southeast of the Loyalty Islands,6.6,172.1298,-22.8282,15.0,1
us7000hcmn,1653566541110,"10 km W of Azángaro, Peru",7.2,-70.2924,-14.9076,236.0,1
us6000hn4d,1653232651327,"235 km SSE of Katsuura, Japan",6.0,141.4121,33.2279,12.0,0
us6000hn1e,1653203188470,south of the Fiji Islands,6.3,178.4501,-26.2125,603.79,0
us6000hmz8,1653169848047,"1 km S of Lian, Philippines",6.1,120.6494,14.0187,129.0,0
us6000hm9j,1652955211625,Macquarie Island region,6.9,159.0545,-54.132,10.0,1
us7000h8g3,1652223992368,"86 km NNW of San Antonio de los Cobres, Argentina",6.8,-66.6519,-23.496,220.0,1
us7000h87i,1652135586873,"178 km SW of Lorengau, Papua New Guinea",6.3,146.3506,-3.3591,10.0,0
us7000h82f,1652077382067,"70 km SW of Yonakuni, Japan",6.2,122.4888,24.0406,21.0,0
us7000h781,1651738875666,"94 km SE of Lukatan, Philippines",6.0,127.1315,6.5295,18.0,0
us7000h5mc,1651152073122,"175 km NE of Madang, Papua New Guinea",6.1,146.6901,-3.9148,10.0,0
us6000hf75,1650526966508,"55 km WSW of Masachapa, Nicaragua",6.6,-86.9604,11.5537,27.0,1
us6000hf49,1650491863018,"50 km ESE of Manay, Philippines",6.0,126.9241,6.9686,19.0,0
us7000h373,1650331387057,"41 km E of Santiago, Philippines",6.1,126.9533,7.2852,19.0,0
us7000h2u9,1650181595635,Vanuatu,6.1,167.8457,-15.7044,196.0,0
us7000h1lv,1649818856312,"28 km WSW of Kokopo, Papua New Guinea",6.1,152.0242,-4.4297,149.0,0
us7000h0yj,1649537558456,"63 km WSW of Norsup, Vanuatu",6.3,166.8601,-16.3146,17.0,0
usd000h551,1649088417662,"56 km WNW of Port-Vila, Vanuatu",6.0,167.8625,-17.4723,31.0,0
us7000gysz,1648756240985,southeast of the Loyalty Islands,6.4,170.8084,-22.6577,20.0,1
us7000gymk,1648705441146,southeast of the Loyalty Islands,7.0,170.3744,-22.586,10.0,1
us7000gyj0,1648673818105,"284 km ESE of Tadine, New Caledonia",6.9,170.3659,-22.666,10.0,1
us7000gwpw,1648072620144,Vanuatu,6.0,167.4522,-15.0687,115.0,0
us6000h6nr,1647970898584,"65 km S of Hualien City, Taiwan",6.7,121.6118,23.3839,24.0,1
us6000h6ne,1647966908019,northern Mid-Atlantic Ridge,6.7,-43.382,10.7447,10.0,1
us6000h67z,1647799843285,Kermadec Islands region,6.0,-177.3532,-28.659,44.0,0
us6000h62z,1647725062127,south of the Fiji Islands,6.3,-176.2998,-25.2976,21.0,0
us6000h519,1647441390997,"57 km ENE of Namie, Japan",7.3,141.5793,37.7132,41.0,1
us6000h518,1647441267453,"62 km ENE of Namie, Japan",6.0,141.6735,37.6468,57.18,0
us6000h48e,1647205762258,"166 km W of Pariaman, Indonesia",6.7,98.6259,-0.6294,28.0,0
us6000h48d,1647205549469,"75 km WNW of Cabra, Philippines",6.4,119.3811,14.096,11.0,1
us6000h2nu,1646631258525,Fiji region,6.1,-178.4045,-20.3752,581.83,0
us6000h2l5,1646597671244,South Sandwich Islands region,6.0,-24.9167,-58.7315,20.0,0
us6000h1d2,1646225527344,"Kermadec Islands, New Zealand",6.6,-177.7264,-30.0751,24.0,1
us6000gzyg,1645753166554,"65 km NNW of Bukittinggi, Indonesia",6.1,100.1006,0.219,4.0,0
us7000gmw3,1645510370740,"58 km W of Abra Pampa, Argentina",6.0,-66.2663,-22.6664,251.0,0
us7000gmtt,1645485853721,Balleny Islands region,6.3,165.3918,-69.7739,14.0,0
us7000glex,1645042866737,south of the Fiji Islands,6.8,179.9981,-23.7682,535.0,1
us7000gl8w,1644995542847,"12 km WSW of Nueva Concepción, Guatemala",6.2,-91.3982,14.1476,60.0,0
us7000gklv,1644784186350,"168 km SSW of Merizo Village, Guam",6.0,144.2842,11.7884,15.0,0
us7000gj2g,1644321565311,central Mid-Atlantic Ridge,6.2,-19.8913,-0.417,10.0,0
us7000gi25,1644006309549,southeast Indian Ridge,6.3,99.4949,-48.033,10.0,0
us7000ghm5,1643903937367,"49 km NW of Barranca, Peru",6.5,-76.9283,-4.4661,110.0,0
us7000gh1g,1643743510031,"184 km NE of Lospalos, Timor Leste",6.0,128.3132,-7.483,119.0,0
us7000gg3w,1643424399588,Kermadec Islands region,6.5,-176.7217,-29.5642,8.0,1
us7000gfti,1643368449293,"281 km SW of Arenas, Panama",6.0,-82.5844,5.4966,8.0,0
us7000gfhb,1643265605543,"220 km WNW of Pangai, Tonga",6.2,-176.3135,-19.0992,6.2,0
us7000gery,1643073873513,South Sandwich Islands region,6.0,-28.7839,-55.3696,11.0,0
us7000ge5q,1642828624896,"71 km S of Unalaska, Alaska",6.2,-166.682,53.2402,29.0,1
us7000ge38,1642818373323,"232 km SE of Sarangani, Philippines",6.0,126.6596,3.6724,21.0,0
us7000gdwz,1642781317210,"27 km SSE of Saiki, Japan",6.3,132.0386,32.7282,39.0,1
us7000gcfv,1642337528025,"74 km WSW of Panguna, Papua New Guinea",6.1,154.8224,-6.4492,379.0,0
us7000gbu4,1642151141461,"80 km SW of Labuan, Indonesia",6.6,105.2887,-6.86,33.0,0
us7000gawk,1641904772454,"53 km SE of Nikolski, Alaska",6.6,-168.3275,52.5791,19.0,1
us7000gavu,1641900943674,"100 km SE of Nikolski, Alaska",6.8,-167.7554,52.3415,20.0,1
us7000gaqu,1641863268064,"48 km WNW of Pólis, Cyprus",6.6,31.9435,35.2267,21.0,0
us7000gag3,1641773190834,south of the Kermadec Islands,6.2,179.574,-33.7823,7.0,0
us7000g9zq,1641577530809,"northern Qinghai, China",6.6,101.29,37.8283,13.0,0
us7000g9nb,1641486305973,near the coast of Nicaragua,6.1,-87.1371,11.9367,17.0,0
us7000g90c,1641329746858,"284 km E of Katabu, Indonesia",6.0,125.0808,-4.8065,544.0,0
us7000g8n3,1641203195767,"66 km E of Hualien City, Taiwan",6.2,122.2592,24.0079,19.0,0
us7000g8kq,1641175784647,"110 km NW of Sola, Vanuatu",6.0,166.8148,-13.1864,104.0,0
us7000g7lx,1640802351962,"125 km NNE of Lospalos, Timor Leste",7.3,127.5773,-7.5482,165.49,0
us6000gfgd,1640533377107,"141 km E of Levuka, Fiji",6.1,-179.352,-18.1104,639.16,0
us6000gepm,1640215378013,"213 km SW of La Cruz de Loreto, Mexico",6.0,-107.0706,18.8369,10.0,0
nc73666231,1640031031310,"7km N of Petrolia, CA",6.2,-124.298,40.3901667,27.04,1
us6000gdma,1639931302616,"85 km W of Labasa, Fiji",6.2,178.5777,-16.3139,10.0,0
us6000gdgn,1639857945111,Prince Edward Islands region,6.0,33.5085,-47.1259,10.0,0
us6000gcxa,1639689286611,South Sandwich Islands region,6.0,-23.8375,-60.1754,15.0,0
us6000gc2a,1639452023809,Flores Sea,7.3,122.2274,-7.6033,14.27,1
us6000gbls,1639299487352,west of Macquarie Island,6.6,154.1393,-60.7956,10.0,0
us6000gaq5,1639015507684,"116 km N of Naze, Japan",6.0,129.3846,29.4132,7.0,0
us6000g944,1638661675581,"261 km N of Tobelo, Indonesia",6.0,128.1359,4.0932,149.0,0
us6000g8nd,1638520418512,South Sandwich Islands region,6.0,-27.1401,-60.4652,7.03,0
us6000g8md,1638506405063,"295 km WSW of Hanga Roa, Chile",6.1,-112.0255,-28.4823,10.0,0
us6000g8te,1638268655539,"110 km NW of Rabaul, Papua New Guinea",6.1,151.3524,-3.6249,10.0,0
us6000g7v8,1638268578077,"113 km SSE of Kavieng, Papua New Guinea",6.3,151.1847,-3.5226,10.0,0
us7000fxyq,1638189644400,"Izu Islands, Japan region",6.3,142.5026,31.196,11.0,1
us7000fxq2,1638096734579,"43 km NNW of Barranca, Peru",7.5,-76.8126,-4.4667,126.0,1
us7000fx45,1637883941752,"20 km WSW of Falam, Myanmar",6.2,93.5061,22.8232,43.0,0
us7000fwzz,1637841845721,"77 km E of Lata, Solomon Islands",6.1,166.5074,-10.7451,10.0,0
us7000fv37,1637244484800,"192 km SE of Kokopo, Papua New Guinea",6.2,153.7074,-5.3122,34.0,0
us7000fu61,1636950210468,South Indian Ocean,6.0,51.2613,-37.5124,10.0,0
us7000fu12,1636891718812,"63 km NNW of Bandar Abbas, Iran",6.4,56.0716,27.7266,10.0,0
us7000fu0x,1636891623595,"62 km NNW of Bandar Abbas, Iran",6.0,56.0743,27.7158,9.0,0
us7000ft0f,1636566400379,"181 km SW of Nabire, Indonesia",6.0,134.1805,-4.3244,10.0,0
us7000fszl,1636559113652,"177 km SE of Hirara, Japan",6.6,126.4474,23.5935,12.0,1
us7000fskw,1636439114907,"62 km S of Masachapa, Nicaragua",6.3,-86.5255,11.2198,20.0,0
us7000fs08,1636209456731,"150 km ESE of Gorontalo, Indonesia",6.0,124.2812,-0.0451,34.0,0
us7000fqjc,1635786256557,"253 km S of Sinabang, Indonesia",6.0,96.709,0.2081,8.0,0
us7000fqcg,1635724968965,South Sandwich Islands region,6.0,-25.2678,-58.0284,22.0,0
us6000fx56,1635052294230,"28 km SSE of Yilan, Taiwan",6.2,121.8314,24.5108,69.0,0
us6000fwd5,1634803843027,south of the Fiji Islands,6.1,179.604,-25.316,487.0,0
us6000fvkf,1634542011639,"59 km WNW of Sola, Vanuatu",6.2,167.0396,-13.69,93.0,0
us6000furk,1634265899320,"148 km WSW of Buala, Solomon Islands",6.4,158.4642,-8.8783,33.0,1
us6000ftxu,1634030645099,"4 km SW of Palekastro, Greece",6.4,26.2152,35.1691,20.0,0
ak021d1u1nos,1633943425147,"112 km E of Chignik, Alaska",6.9,-156.581,56.2954,51.6,1
hv72748782,1633902516560,"27 km SSE of Naalehu, Hawaii",6.21,-155.527166666667,18.8203333333333,35.06,0
us6000ft9g,1633777111956,Vanuatu region,6.9,174.5221,-21.1889,535.0,1
us6000frfw,1633319646823,South Sandwich Islands region,6.2,-27.5186,-60.4157,10.0,0
us6000fr5t,1633207419504,Mid-Indian Ridge,6.0,67.2614,-9.1778,10.0,0
us6000fr0b,1633156157897,Vanuatu region,7.3,174.8958,-21.1265,527.0,1
us6000fq2d,1632904625619,"243 km NNW of Nanao, Japan",6.1,135.4527,38.8893,364.0,0
us7000fes8,1632723441478,"6 km N of Thrapsanón, Greece",6.0,25.2697,35.244,6.0,0
us7000fe1w,1632484348163,"187 km WSW of Adak, Alaska",6.1,-179.0153,51.0829,18.0,1
us7000fdds,1632304627023,"80 km SW of Jiquilillo, Nicaragua",6.5,-87.8647,12.1396,21.0,1
us7000fd4k,1632230072025,"73 km W of Talcahuano, Chile",6.4,-73.9329,-36.7771,18.8,0
us7000fczf,1632169526525,Kuril Islands,6.1,152.4879,46.3926,35.0,0
us7000fap8,1631510294639,"86 km NW of San Antonio de los Cobres, Argentina",6.2,-67.0129,-23.7629,205.0,0
us7000f93v,1631065667437,"Acapulco, Mexico",7.0,-99.753,16.9465,20.0,1
us7000f8tc,1631008196991,"185 km WNW of Pangai, Tonga",6.0,-176.0683,-19.3855,10.0,0
us7000f60j,1630378370513,"Kermadec Islands, New Zealand",6.4,-177.3798,-29.9211,16.0,1
us7000f2ws,1629783471853,"219 km SSW of Severo-Kuril’sk, Russia",6.0,154.9113,48.8647,35.0,0
us6000f9sq,1629667998983,South Sandwich Islands region,7.1,-24.8743,-60.2845,6.0,1
us6000f9gd,1629593107917,South Sandwich Islands region,6.6,-24.221,-60.1401,7.0,1
us6000f843,1629323395690,South Sandwich Islands region,6.0,-26.3481,-59.6344,28.0,0
us6000f7vg,1629281405238,"17 km N of Port-Olry, Vanuatu",6.9,167.0585,-14.8818,93.0,1
us6000f7ks,1629222806775,South Sandwich Islands region,6.1,-25.4158,-58.0256,32.62,0
us6000f6wt,1629112236583,South Sandwich Islands region,6.9,-23.3552,-58.3686,16.7,1
us6000f65h,1628944148454,"Nippes, Haiti",7.2,-73.4822,18.4335,10.0,1
us6000f652,1628942263447,"125 km SE of Perryville, Alaska",6.9,-157.6441,55.1767,20.74,1
us6000f5h2,1628850868283,South Sandwich Islands region,6.1,-27.2495,-60.5354,10.0,0
us6000f4pg,1628797425969,South Sandwich Islands region,6.0,-26.4514,-59.8436,35.0,0
us6000f8yj,1628793682560,South Sandwich Islands region,6.1,-26.7611,-60.3568,35.0,0
us6000f8yd,1628793419727,South Sandwich Islands region,6.7,-26.4306,-59.9811,35.0,0
us6000f53e,1628793317231,2021 South Sandwich Islands Earthquake,8.1,-25.2637,-58.3753,22.79,0
us6000f4ly,1628793172464,South Sandwich Islands region,7.5,-25.0316,-57.5674,47.23,1
us6000f48v,1628703973143,"60 km ENE of Pondaguitan, Philippines",7.1,126.7151,6.4748,55.14,1
us6000f1r4,1627962158345,"Nicobar Islands, India region",6.1,94.0192,8.8809,10.0,0
us6000f1ea,1627880479974,"182 km NE of Tual, Indonesia",6.0,133.958,-4.499,10.0,0
us6000f0qr,1627665019554,"7 km E of Sullana, Peru",6.2,-80.6156,-4.9149,34.0,0
ak0219neiszm,1627539349188,"2021 Chignik, Alaska Earthquake",8.2,-157.8876,55.3635,35.0,1
us6000ez5x,1627301346655,"99 km WNW of Luwuk, Indonesia",6.3,121.9083,-0.7679,11.0,1
us6000eynb,1627131088422,Kermadec Islands region,6.1,-176.8643,-29.9271,10.0,0
us6000eyfk,1627073337357,"15 km S of Hukay, Philippines",6.7,120.7259,13.7047,110.0,1
us6000exs5,1626902112269,"71 km S of Burica, Panama",6.7,-82.779,7.3926,10.0,1
us6000exmx,1626877560341,"142 km SSW of Lorengau, Papua New Guinea",6.0,146.7999,-3.2314,8.37,0
us7000emzy,1626555370107,"135 km S of Burica, Panama",6.1,-82.6774,6.8258,4.07,0
us6000etxj,1625877835986,"215 km NW of Tobelo, Indonesia",6.1,126.4984,2.9494,44.33,0
nc73584926,1625784588110,"Antelope Valley, CA",6.0,-119.4998333,38.5075,7.45,0
us7000eijt,1625362155977,"72 km WSW of Vallenar, Chile",6.0,-71.4818,-28.7361,22.0,0
us7000eicj,1625256877663,Fiji region,6.1,-179.416,-21.8116,599.56,0
us7000eeq4,1624208750681,"Kermadec Islands, New Zealand",6.5,-177.8449,-30.2162,25.0,1
us7000e9bi,1622714998295,"132 km WSW of Ternate, Indonesia",6.2,126.2911,0.3165,26.0,0
ak0216xu2rod,1622444395581,"73 km N of Chickaloon, Alaska",6.1,-148.2512,62.4492,44.0,1
us7000e579,1621635198379,"265 km SSE of Alo, Wallis and Futuna",6.5,-177.3725,-16.6009,10.0,1
us7000e54r,1621620253565,"Southern Qinghai, China",7.3,98.2513,34.5983,10.0,0
us7000e532,1621604917193,"25 km NW of Dali, China",6.1,100.0082,25.7274,9.0,0
us7000e4aw,1621384939688,southern East Pacific Rise,6.7,-109.3943,-33.0647,10.0,0
us7000e2zt,1620973987879,"260 km S of Sinabang, Indonesia",6.7,96.6442,0.1364,11.0,0
us7000e2xd,1620950294041,"76 km ENE of Namie, Japan",6.0,141.8167,37.7169,32.0,0
us7000e2rq,1620898932044,"154 km SSE of Punta de Burica, Panama",6.1,-82.4146,6.7137,10.0,0
us7000e2ec,1620828315667,Mauritius - Reunion region,6.7,66.3135,-17.3874,10.0,0
us7000e2c6,1620809144539,"55 km SW of Acajutla, El Salvador",6.0,-90.2266,13.2742,22.0,0
us7000e175,1620430514938,Fiji region,6.1,-177.5658,-18.7443,384.0,0
us7000e13b,1620400873760,west of Macquarie Island,6.1,144.2159,-54.4135,10.0,0
us7000dz5t,1619832447215,"30 km SSE of Onagawa Ch?, Japan",6.9,141.5973,38.1997,43.0,1
us7000dygd,1619679026915,Kermadec Islands region,6.1,-176.3205,-29.339,10.0,0
us7000dy3b,1619576486212,"8 km NNW of Dhekiajuli, India",6.0,92.4565,26.7813,34.0,0
us7000dxsy,1619510731717,"176 km ENE of Angoram, Papua New Guinea",6.1,145.5171,-3.407,10.0,0
us6000e4rl,1619389682196,"207 km WSW of Haveluloto, Tonga",6.5,-177.1526,-21.6097,246.0,0
us6000e47c,1619223818164,"225 km WNW of Pangai, Tonga",6.5,-176.2702,-18.9036,301.0,0
us6000e30x,1618876702503,"254 km S of Sinabang, Indonesia",6.1,96.5601,0.1831,9.0,0
us6000e0lk,1618054711524,"196 km N of Madang, Papua New Guinea",6.0,145.7329,-3.444,9.0,0
us6000e0k5,1618047043306,"167 km SSW of Sarangani, Philippines",6.1,124.6443,4.1322,300.0,0
us6000e0iy,1618038015485,"45 km S of Sumberpucung, Indonesia",6.0,112.5054,-8.5707,67.0,0
us6000dzlv,1617789209653,Kermadec Islands region,6.1,-176.6124,-29.0489,18.0,0
us6000dz3c,1617608272938,"194 km NE of Gisborne, New Zealand",6.1,179.6324,-37.46,24.0,0
us6000dynd,1617412599455,east of the South Sandwich Islands,6.6,-7.843,-58.0139,10.0,1
us6000dy9x,1617289878213,Fiji region,6.0,-179.3796,-21.8006,595.0,0
us6000dy64,1617270997651,"Kermadec Islands, New Zealand",6.4,-177.6758,-29.961,20.0,1
us7000dl6y,1616231383966,"30 km E of Ishinomaki, Japan",7.0,141.6477,38.4515,43.0,1
us7000dl5j,1616217571864,west of Macquarie Island,6.0,150.3275,-59.618,10.0,0
us7000dker,1616025846698,"21 km NNE of Bejaïa, Algeria",6.0,5.2014,36.9206,8.0,0
us7000djz6,1615919901233,"171 km SSE of Ust’-Kamchatsk Staryy, Russia",6.6,163.1803,54.7368,13.23,1
us7000dj9v,1615723513433,South Sandwich Islands region,6.0,-29.4818,-59.8709,10.0,0
us7000dgi0,1615036325498,Kermadec Islands region,6.1,-177.6283,-28.2896,10.0,0
us7000dgh7,1615032323693,Kermadec Islands region,6.2,-177.8739,-28.3565,15.0,0
us7000dggf,1615026887134,Kermadec Islands region,6.2,-177.7664,-28.4217,10.0,0
us7000dgdc,1615014989302,Kermadec Islands region,6.1,-177.0009,-28.6263,10.0,0
us7000dg8x,1614989782227,"183 km NE of Gisborne, New Zealand",6.3,179.5947,-37.5763,13.0,0
us7000dfz4,1614954292718,Kermadec Islands region,6.2,-176.6099,-28.8983,14.0,0
us7000dfwe,1614932021003,Kermadec Islands region,6.0,-176.1259,-29.5019,15.0,0
us7000dft1,1614911436279,Kermadec Islands region,6.3,-176.5578,-28.749,17.0,0
us7000dfq2,1614899579962,Kermadec Islands region,6.5,-176.6801,-28.5168,24.0,0
us7000dfmf,1614889506406,Kermadec Islands region,6.1,-176.6895,-28.3867,10.0,0
us7000dflf,1614886113178,"2021 Kermadec Islands, New Zealand Earthquake",8.1,-177.2794,-29.7228,28.93,1
us7000dfk3,1614879683370,"Kermadec Islands, New Zealand",7.4,-177.8398,-29.6768,43.0,1
us7000dfhs,1614876791135,"66 km SSW of Sola, Vanuatu",6.1,167.3326,-14.4334,173.35,0
us7000dffl,1614864454647,"182 km NE of Gisborne, New Zealand",7.3,179.4576,-37.4787,10.0,1
us7000df40,1614766569755,"9 km W of Týrnavos, Greece",6.3,22.1757,39.7546,8.0,0
us6000dip3,1613662247991,"157 km ESE of Alo, Wallis and Futuna",6.1,-176.7574,-14.8373,3.7,0
us6000dila,1613630250717,"136 km S of Port-Vila, Vanuatu",6.2,168.0675,-18.9515,14.0,0
us6000dii3,1613602178110,southeast of the Loyalty Islands,6.1,171.7786,-23.1842,12.0,0
us6000dhxn,1613436565141,"82 km W of Port-Vila, Vanuatu",6.2,167.5413,-17.8292,13.0,1
us6000dher,1613225269797,"73 km ENE of Namie, Japan",7.1,141.7751,37.7265,43.98,1
us6000dgkr,1613026348131,southeast of the Loyalty Islands,6.0,171.8122,-23.3358,10.56,0
us6000dge5,1612992240831,southeast of the Loyalty Islands,6.3,171.5827,-23.1911,12.0,1
us6000dgc7,1612982201957,southeast of the Loyalty Islands,6.1,171.213,-22.7173,14.0,0
us6000dgb4,1612974922999,southeast of the Loyalty Islands,6.1,171.173,-22.8106,11.69,0
us6000dg77,1612963195530,southeast of the Loyalty Islands,7.7,171.6566,-23.0511,10.0,1
us6000dg72,1612962119145,southeast of the Loyalty Islands,6.1,171.6432,-22.7415,10.0,0
us6000dg70,1612961547224,"219 km SSW of Bengkulu, Indonesia",6.3,101.6495,-5.6856,10.0,0
us6000dg6u,1612959861500,southeast of the Loyalty Islands,6.1,171.6556,-22.8327,11.0,0
us6000dfad,1612676751377,"189 km SW of Lorengau, Papua New Guinea",6.3,146.1444,-3.3226,10.0,0
us6000df9r,1612671776667,"9 km W of Magsaysay, Philippines",6.0,125.1011,6.7693,16.0,0
us6000de34,1612329823520,West Chile Rise,6.7,-97.8,-36.2797,10.0,1
us7000d2rx,1611445011667,South Shetland Islands,6.9,-55.5027,-61.8098,15.0,1
us7000d20e,1611231784255,"211 km SE of Pondaguitan, Philippines",7.0,127.5145,4.9931,80.0,1
us7000d18q,1611024382380,"26 km SW of Pocito, Argentina",6.4,-68.7992,-31.8334,20.81,1
us7000d030,1610648898093,"32 km S of Mamuju, Indonesia",6.2,118.8899,-2.9717,18.0,0
us6000d7ix,1610400779015,"29 km SSW of Turt, Mongolia",6.7,100.4383,51.2811,10.0,0
us6000d764,1610261300094,"50 km E of Lakatoro, Vanuatu",6.1,167.8826,-16.0347,160.0,0
us6000d74p,1610250854483,"32 km NW of San Antonio de los Cobres, Argentina",6.1,-66.5729,-24.0412,217.0,0
us6000d6my,1610082064246,"146 km SSE of Isangel, Vanuatu",6.1,169.8821,-20.7367,113.0,0
us6000d6lg,1610065730091,"Kermadec Islands, New Zealand",6.3,-178.744,-29.4295,224.0,0
us6000d69r,1609966774315,"53 km SSW of Gorontalo, Indonesia",6.1,122.9487,0.0658,148.0,0
us6000d5zz,1609914035947,Kermadec Islands region,6.2,-177.2713,-28.6357,38.49,0
us6000d58t,1609677528915,"230 km WSW of Adak, Alaska",6.1,-179.793,51.2199,21.0,1
us6000d3zh,1609240794762,"2 km WSW of Petrinja, Croatia",6.4,16.2573,45.4244,10.0,0
us6000d3i9,1609105154770,"146 km WNW of Corral, Chile",6.7,-74.9849,-39.3398,10.0,1
us6000d2ra,1608853421964,"2 km ESE of Calatagan, Philippines",6.3,120.6539,13.82,109.0,1
us6000d29t,1608747107762,"90 km SW of Angaur State, Palau",6.1,133.6362,6.2544,11.0,0
us7000csqe,1608485002668,"100 km ENE of Hachinohe, Japan",6.3,142.5814,40.8667,35.0,0
us7000crdx,1608074517807,"25 km S of Sarangani, Philippines",6.1,125.4212,5.1789,14.0,0
us7000cqyz,1607959249542,"75 km NNE of Calama, Chile",6.0,-68.7079,-21.8063,114.0,0
us7000cpqz,1607606398682,"27 km E of Yilan, Taiwan",6.1,122.0243,24.7818,71.0,0
us7000cnnz,1607273262643,"115 km E of Iquique, Chile",6.1,-69.0609,-20.3947,105.0,0
us7000clt8,1606855977066,Balleny Islands region,6.0,154.7341,-61.9496,10.0,0
us7000clnv,1606839759923,"46 km ESE of Nikolski, Alaska",6.4,-168.2401,52.7551,23.0,1
us7000clbs,1606776903914,"70 km W of San Antonio de los Cobres, Argentina",6.3,-67.0048,-24.3221,189.0,0
us7000clbu,1606776874601,"88 km SSE of Sovetskaya Gavan’, Russia",6.4,140.7971,48.2521,589.0,0
us6000crcq,1606006496794,"100 km NW of Constitución, Chile",6.1,-73.0596,-34.5978,22.0,0
us7000cfxq,1605577451421,"222 km SSW of Padang, Indonesia",6.0,99.3227,-2.6706,19.0,0
us7000cfes,1605479863690,"5 km S of Marihatag, Philippines",6.0,126.2914,8.7572,43.0,0
us7000cd6e,1605055724122,"291 km WNW of Haveluloto, Tonga",6.0,-177.561,-19.7177,417.0,0
us7000cbr2,1604741225498,"83 km NNE of Hihifo, Tonga",6.2,-173.5276,-15.2458,34.0,0
us7000c9jz,1604371254919,"Off the coast of Aisen, Chile",6.0,-79.375,-44.4111,10.0,0
us7000c7y0,1604058687348,"13 km NNE of Néon Karlovásion, Greece",7.0,26.7838,37.8973,21.0,0
us6000cbx8,1603436670940,south of the Fiji Islands,6.1,-179.9621,-25.634,454.0,0
us6000c9hg,1603140878950,"2020 Sand Point, Alaska Earthquake",7.6,-159.6258,54.602,28.37,1
us6000c6mu,1602142532524,"40 km ENE of Kainantu, Papua New Guinea",6.3,146.1738,-6.0942,106.0,1
us6000c3td,1601548485149,"100 km WNW of Kandrian, Papua New Guinea",6.1,148.6656,-5.9961,74.0,0
us6000c3kz,1601514816524,"39 km NE of Pangai, Tonga",6.4,-174.1217,-19.5385,28.0,1
us6000c1np,1601140222462,south of Africa,6.1,31.7404,-48.0249,10.0,0
us7000bq10,1600465439027,central Mid-Atlantic Ridge,6.9,-26.8533,0.9298,10.0,1
us7000bnd1,1600141288036,"21 km WNW of Esso, Russia",6.4,158.3783,55.9733,344.0,0
us7000bm9m,1599878651224,"58 km SE of ?funato, Japan",6.1,142.2446,38.7482,34.0,0
us7000blm2,1599809757187,"82 km NNE of Tocopilla, Chile",6.2,-69.9096,-21.3968,51.0,0
us7000bj6y,1599459159688,"72 km NNE of Port-Vila, Vanuatu",6.2,168.5034,-17.1102,10.0,1
us7000biyd,1599405823148,"17 km E of Talagutong, Philippines",6.3,125.8285,6.2693,120.0,1
us7000biu8,1599375078470,central Mid-Atlantic Ridge,6.7,-37.1544,7.6829,10.0,1
us7000birm,1599361156073,"104 km NW of Port-Vila, Vanuatu",6.2,167.5321,-17.1562,10.0,1
us7000biqb,1599355018935,"40 km NW of Ovalle, Chile",6.3,-71.4912,-30.3388,30.0,0
us7000bg4v,1598994557852,"94 km NW of Vallenar, Chile",6.5,-71.3701,-27.9162,16.0,0
us7000bfjx,1598934602173,"78 km NW of Vallenar, Chile",6.3,-71.2662,-28.0315,16.18,0
us7000bfjr,1598933368470,"86 km NW of Vallenar, Chile",6.8,-71.3062,-27.9686,21.0,1
us7000bfbx,1598894644946,Chagos Archipelago region,6.1,70.1973,-4.0158,10.0,0
us7000bf3k,1598822429757,central Mid-Atlantic Ridge,6.5,-29.8656,0.7821,10.0,0
us7000bcty,1598382532908,"141 km SSW of Kokopo, Papua New Guinea",6.2,151.8365,-5.5454,22.0,0
us7000bctq,1598382178437,"141 km SSW of Kokopo, Papua New Guinea",6.0,151.8638,-5.5579,23.0,0
us7000bcbv,1598305869259,"4 km SSW of Jacó, Costa Rica",6.0,-84.6376,9.5785,20.0,0
us6000bi4p,1597982991930,"222 km SSE of Katabu, Indonesia",6.9,123.4649,-6.71,624.0,0
us6000bgvu,1597789764731,"122 km WSW of Bengkulu, Indonesia",6.9,101.2411,-4.2069,26.0,0
us6000bgvl,1597789439497,"138 km WSW of Bengkulu, Indonesia",6.8,101.1347,-4.3217,22.0,0
us6000bgbr,1597709028566,"13 km E of San Pedro, Philippines",6.6,124.1272,12.0257,10.0,1
us6000bdg8,1597252396180,"66 km NNE of Kilindoni, Tanzania",6.0,39.8126,-7.3327,17.55,0
us6000badi,1596757004553,Prince Edward Islands region,6.3,42.4486,-41.6794,10.0,0
us6000b9mv,1596629136589,"69 km E of Lakatoro, Vanuatu",6.4,168.065,-16.0944,181.88,0
us6000b84f,1596309725163,"199 km SE of Lorengau, Papua New Guinea",6.1,148.6496,-3.1951,10.0,0
us6000b80p,1596301741952,"11 km SW of Polloc, Philippines",6.4,124.1331,7.2932,483.0,0
us6000b56k,1595923423215,"75 km SW of Sand Point, Alaska",6.1,-161.2041,54.7905,35.15,1
us6000b46r,1595724839061,South Sandwich Islands region,6.4,-25.413,-60.7833,10.0,1
us6000b26j,1595448439194,western Xizang,6.3,86.8637,33.1438,10.0,0
us7000asx4,1595398578627,"101 km ESE of Sand Point, Alaska",6.1,-159.0413,54.969,16.53,0
us7000asvb,1595398364810,"2020 Perryville, Alaska Earthquake",7.8,-158.596,55.0715,28.0,1
us7000asms,1595364985167,Fiji region,6.0,-178.6325,-20.8045,605.2,0
us7000aqwd,1595086356835,"141 km ENE of Hihifo, Tonga",6.1,-172.694,-15.2553,12.0,1
us7000aqaw,1594994620437,"239 km E of Port Blair, India",6.1,94.9362,11.8485,10.0,0
us7000aq3e,1594954222178,"114 km NNW of Popondetta, Papua New Guinea",7.0,147.7704,-7.836,73.0,1
us7000aj3w,1594076087538,Java Sea,6.6,110.6893,-5.6023,533.76,0
us7000aixy,1594059378418,"257 km N of Fais, Micronesia",6.2,140.2476,12.0809,10.0,0
us7000abmk,1593119118140,"278 km SE of Hotan, China",6.3,82.4158,35.5948,10.0,0
us6000ah9t,1592926144350,"9 km SE of Santa María Xadani, Mexico",7.4,-96.0077,15.8861,20.0,1
us6000ah1z,1592898209219,"97 km SE of Gorontalo, Indonesia",6.0,123.7866,0.0368,109.0,0
us6000ag18,1592766474833,"27 km NNE of Siglufjörður, Iceland",6.0,-18.707,66.381,10.0,0
us6000ae4n,1592484593844,south of the Kermadec Islands,7.4,-177.8571,-33.2927,10.0,1
us6000abgq,1592082510503,"Pagan region, Northern Mariana Islands",6.2,145.1116,18.9317,622.0,0
us6000abcq,1592063484069,"130 km WNW of Naze, Japan",6.6,128.2713,28.8591,165.0,1
us6000a9ik,1591819130008,southern Mid-Atlantic Ridge,6.0,-13.0363,-15.8069,10.0,0
us6000a5r3,1591260580397,"133 km NNE of Tobelo, Indonesia",6.4,128.248,2.911,112.86,1
us6000a532,1591176695257,south of the Fiji Islands,6.0,-176.7113,-24.6746,69.85,0
us6000a4yi,1591169736466,"48 km SW of San Pedro de Atacama, Chile",6.8,-68.4677,-23.274,112.0,1
us6000a316,1590901778593,"19 km SW of Vilavila, Peru",6.1,-70.7731,-15.3256,186.0,0
us6000a0um,1590650325146,"111 km SSE of ‘Ohonua, Tonga",6.0,-174.4196,-22.2146,10.0,0
us60009zv5,1590563349853,"51 km WNW of Port-Vila, Vanuatu",6.2,167.8743,-17.5304,9.73,0
us70009n5p,1590137166973,"173 km ESE of La Playa, Mexico",6.1,-108.1275,22.4152,10.0,0
nn00725272,1589540607176,"Monte Cristo Range, NV Earthquake",6.5,-117.8497,38.1689,2.7,0
us70009f12,1589323272177,"175 km SSE of Lata, Solomon Islands",6.6,166.6485,-12.0665,107.0,1
us70009bn4,1588850480152,"215 km NNW of Arawa, Papua New Guinea",6.1,154.741,-4.4643,471.17,0
us70009b14,1588773235940,Banda Sea,6.8,129.7852,-6.7761,96.0,0
us700098qd,1588423865561,"91 km S of Néa Anatolí, Greece",6.5,25.7101,34.1818,10.0,0
us60009c06,1587783186698,"140 km W of Panguna, Papua New Guinea",6.1,154.2347,-6.5337,19.0,0
us7000903m,1587328745639,"31 km SE of ?funato, Japan",6.3,142.0049,38.8953,38.0,0
us70008z89,1587198337052,"Bonin Islands, Japan region",6.6,140.1349,27.1264,453.0,1
us70008xeb,1587024277829,"59 km NNE of Savannah Bight, Honduras",6.1,-85.6851,16.9591,12.0,1
us70008vsp,1586826407913,Kermadec Islands region,6.0,-176.3478,-30.3889,31.0,0
us70008um8,1586674667541,Mid-Indian Ridge,6.1,77.393,-36.9558,10.0,0
us70008peg,1586111830876,"124 km WNW of Ternate, Indonesia",6.0,126.4381,1.395,42.0,0
us70008jr5,1585698750781,"Stanley, Idaho",6.5,-115.1175,44.4646,12.06,0
us70008ghw,1585237084089,"27 km SW of Burias, Philippines",6.1,125.0521,5.5669,59.0,0
us70008fi4,1585104561160,"221 km SSE of Severo-Kuril’sk, Russia",7.5,157.6955,48.9638,57.8,1
us70008e91,1584916684810,central East Pacific Rise,6.1,-104.9519,-4.6744,10.0,0
us60008hzl,1584553539299,"249 km S of Nusa Dua, Indonesia",6.2,115.1378,-11.0521,20.68,0
us60008hkg,1584501225742,"99 km NW of Sola, Vanuatu",6.1,167.0277,-13.1364,176.0,0
us60008h76,1584461182370,"171 km E of Hihifo, Tonga",6.0,-172.1911,-16.0252,10.0,0
us60008fl8,1584180077118,Kermadec Islands region,6.4,-175.6102,-27.367,11.0,1
us60008ay3,1583490522029,Southwest Indian Ridge,6.0,58.3242,-31.368,10.0,0
us600084gu,1582702392952,"273 km SW of Tual, Indonesia",6.0,131.1196,-7.4887,54.0,0
us70007v9g,1582473631626,"37 km ESE of Özalp, Turkey",6.0,44.3732,38.4958,10.0,0
us70007pa9,1581590024406,"95 km ENE of Kuril’sk, Russia",7.0,148.959,45.6161,143.0,1
us70007lwy,1581228269967,"127 km S of Kokopo, Papua New Guinea",6.1,152.1522,-5.4925,34.0,0
us70007lik,1581172378625,South Sandwich Islands region,6.0,-25.5526,-59.9212,16.0,0
us70007jwn,1580996405791,"109 km SSE of Pondaguitan, Philippines",6.0,126.5692,5.4543,19.0,0
us70007j6z,1580926357734,"113 km NNE of Bangkalan, Indonesia",6.2,113.0778,-6.0817,592.42,0
us60007j2w,1580305789744,"70 km W of Kirakira, Solomon Islands",6.0,161.2756,-10.418,85.0,0
us60007iig,1580248516450,"55 km SE of East End, Cayman Islands",6.1,-80.7411,18.9457,10.0,1
us60007idc,1580238624918,"123 km NNW of Lucea, Jamaica",7.7,-78.756,19.4193,14.86,1
us60007gyx,1580101321704,"102 km WNW of Kirakira, Solomon Islands",6.3,161.0606,-10.0929,21.0,0
us60007g8m,1580020315398,"240 km WSW of Adak, Alaska",6.1,-179.8892,51.1338,17.0,1
us60007ewc,1579888514147,"13 km N of Do?anyol, Turkey",6.7,39.0609,38.4312,10.0,0
us60007djn,1579758782618,"84 km W of Adak, Alaska",6.2,-177.855,51.9836,10.0,0
us60007b5x,1579503097818,South Sandwich Islands region,6.1,-26.282,-59.2277,93.0,0
us60007arp,1579453100002,"108 km SE of Gorontalo, Indonesia",6.1,123.8025,-0.1042,121.72,0
us60007anp,1579440476630,"104 km ENE of Kashgar, China",6.0,77.1084,39.8353,5.55,0
us60007a3h,1579365494301,"146 km W of Abepura, Indonesia",6.0,139.3363,-2.8405,44.0,0
us70006wuf,1578559088278,"Chukotskiy Avtonomnyy Okrug, Russia",6.4,171.0611,62.358,10.0,0
us70006vvr,1578424295665,"130 km ENE of Kimbe, Papua New Guinea",6.0,151.2659,-5.2046,117.0,0
pr2020007007,1578385467370,"4 km SSE of Indios, Puerto Rico",6.4,-66.8113,17.9578,6.0,1
us70006vkq,1578377119759,"14 km S of Sinabang, Indonesia",6.3,96.3575,2.3481,17.0,0
us70006r1g,1577305212751,southern East Pacific Rise,6.1,-115.8438,-25.2226,10.0,0
us70006qt7,1577244961626,"203 km W of Port McNeill, Canada",6.3,-129.963,50.6106,6.58,1
us70006qnn,1577214232492,"1 km NE of Lejanías, Colombia",6.0,-74.0176,3.5359,11.0,0
us70006qk4,1577205813420,"16 km WNW of El Hoyo, Argentina",6.0,-63.3857,-26.964,572.44,0
us70006q96,1577134583555,"189 km W of Port McNeill, Canada",6.0,-129.7573,50.5169,10.0,1
us70006q8n,1577130583086,"201 km W of Port McNeill, Canada",6.0,-129.9372,50.6071,10.0,1
us70006p18,1576841992874,"49 km SW of Jurm, Afghanistan",6.1,70.4555,36.5374,212.0,0
us60006rp9,1576390311155,"7 km S of Magsaysay, Philippines",6.8,125.1739,6.6969,18.0,1
us60006rem,1576299454937,"56 km SSE of Sola, Vanuatu",6.0,167.7089,-14.3628,7.51,0
us60006n19,1575637486540,"159 km WNW of Hihifo, Tonga",6.0,-175.1035,-15.2594,10.0,0
us60006m2j,1575490203595,"60 km NNE of Isangel, Vanuatu",6.0,169.5748,-19.0677,266.0,0
us70006fh7,1575362795780,"29 km W of Arica, Chile",6.0,-70.576,-18.5042,38.0,0
us70006f6d,1575262914821,"127 km SW of Adak, Alaska",6.0,-178.1001,51.1867,28.0,1
us70006dlt,1574839422383,"45 km WNW of Kíssamos, Greece",6.0,23.2284,35.7174,69.0,0
us70006d0m,1574736852872,"15 km WSW of Mamurras, Albania",6.4,19.5256,41.5138,22.0,0
us70006cb6,1574556841053,"95 km SE of Adak, Alaska",6.3,-175.5115,51.3808,20.0,1
us70006c6w,1574511075564,"241 km SE of Tobi Village, Palau",6.2,132.8148,1.6436,5.0,0
us70006ara,1574293843955,"43 km WNW of Sainyabuli, Laos",6.2,101.3558,19.4533,10.0,0
us70006a9e,1574238368017,"264 km NW of Ozernovskiy, Russia",6.3,153.6799,53.128,496.0,0
us70006a6q,1574224025252,"125 km SW of Puerto Madero, Mexico",6.3,-93.2068,13.8859,15.0,0
us60006bpw,1573765974753,"135 km NW of Ternate, Indonesia",6.0,126.4161,1.5361,23.0,0
us60006bjl,1573748260578,"141 km NW of Ternate, Indonesia",7.1,126.4156,1.6213,33.0,1
us60006adv,1573513408119,"147 km W of Neiafu, Tonga",6.2,-175.3675,-18.8625,10.0,0
us6000693m,1573209884338,Fiji region,6.5,-179.5113,-21.9449,577.0,0
us700063sp,1573000749303,Vanuatu,6.0,167.8086,-13.7208,10.0,0
us700063rx,1572995846588,"23 km ENE of Sola, Vanuatu",6.0,167.7494,-13.7988,19.0,0
us700063mh,1572987121485,east of the South Sandwich Islands,6.3,-9.3217,-57.9236,10.0,0
us7000635e,1572907412280,"136 km W of Neiafu, Tonga",6.6,-175.272,-18.5747,10.0,1
us70006345,1572904405320,"29 km SW of Illapel, Chile",6.1,-71.3753,-31.8362,53.0,0
us700062cg,1572718121113,South Sandwich Islands region,6.1,-26.2399,-55.735,8.0,0
us700061e9,1572484279146,"2 km ENE of Bulatukan, Philippines",6.5,125.1782,6.9098,10.0,1
us6000645n,1572311083879,"10 km NE of Columbio, Philippines",6.6,125.0082,6.7567,15.0,1
us70005xr7,1571846894497,north of Ascension Island,6.3,-13.8367,-1.0987,10.0,1
us70005wj6,1571626349674,"61 km NNE of Isangel, Vanuatu",6.4,169.4883,-19.0184,231.0,0
us70005ulm,1571225826342,"7 km ENE of Columbio, Philippines",6.4,125.007,6.7147,16.12,1
us70005p73,1569902167115,southern East Pacific Rise,6.0,-122.5586,-55.9278,10.0,0
us70005nie,1569772673236,"70 km WSW of Constitución, Chile",6.7,-73.163,-35.4758,11.0,1
us70005nbb,1569722571883,"86 km SSE of Pondaguitan, Philippines",6.2,126.5481,5.6756,73.0,0
us70005mea,1569585902549,"Kermadec Islands, New Zealand",6.1,-177.8625,-30.1733,34.0,0
us70005lt4,1569515778155,"30 km W of Villa La Angostura, Argentina",6.1,-71.9993,-40.8145,129.0,0
us70005lfd,1569455203543,"33 km NE of Ambon, Indonesia",6.5,128.3699,-3.4528,12.26,0
us60005n52,1569359987423,Southwest Indian Ridge,6.0,56.2997,-33.8212,10.0,0
pr2019267000,1569295420000,"67 km NNW of San Antonio, Puerto Rico",6.0,-67.2701,19.077,10.0,1
us60005kta,1568876793291,"81 km NNE of Lasem, Indonesia",6.1,111.8422,-6.0708,610.0,0
us70005axg,1567353260392,Fiji region,6.6,-178.5701,-20.3641,591.0,1
us700059qh,1567091278646,"285 km W of Bandon, Oregon",6.3,-127.8817,43.5425,10.0,1
us700058yy,1566950119187,South Sandwich Islands region,6.6,-26.5801,-60.2152,16.0,1
us700057v4,1566661887119,"61 km SW of Sola, Vanuatu",6.0,167.1897,-14.309,115.0,0
us600057xt,1566397705652,western Indian-Antarctic Ridge,6.0,139.324,-50.3302,10.0,0
us600057ee,1566306232633,Santa Cruz Islands,6.0,166.2912,-11.3683,37.0,0
us600050if,1564914183726,"61 km ENE of Namie, Japan",6.3,141.6031,37.7594,38.0,0
us60004zhq,1564747407001,"152 km SW of Labuan, Indonesia",6.9,104.7907,-7.2822,49.0,0
us60004z9n,1564725055239,southern East Pacific Rise,6.0,-113.8331,-49.7307,10.0,0
us60004yps,1564684087270,"96 km SW of San Antonio, Chile",6.8,-72.3102,-34.2364,25.0,1
us60004xz4,1564585353853,"63 km E of Lakatoro, Vanuatu",6.6,167.9982,-16.1985,181.0,1
us60004wjb,1564252267540,"138 km ESE of Shing?, Japan",6.3,137.3029,33.1492,367.0,0
us60004w8x,1564184278444,"43 km N of Basco, Philippines",6.0,121.9744,20.8373,9.0,0
us70004r4f,1563878004050,Balleny Islands region,6.0,154.1145,-61.2867,10.0,0
us70004kfs,1563178894171,"26 km NNW of Kandrian, Papua New Guinea",6.3,149.4881,-5.9707,42.0,0
us70004jyv,1563095451523,"155 km SSE of Sofifi, Indonesia",7.2,128.034,-0.5858,18.98,0
us70004jxe,1563082763420,"198 km W of Cable Beach, Australia",6.6,120.3584,-18.2242,10.0,0
us70004jea,1562979464339,"169 km NW of Naze, Japan",6.1,128.1534,29.3533,251.0,0
us70004icj,1562864917977,"179 km NNW of Arawa, Papua New Guinea",6.0,155.2241,-4.6408,495.17,0
us70004dz3,1562512120525,"136 km WSW of Ternate, Indonesia",6.9,126.1892,0.5126,35.0,0
ci38457511,1562383193040,Ridgecrest Earthquake Sequence,7.1,-117.5993333,35.7695,8.0,0
ci38443183,1562261629000,Ridgecrest Earthquake Sequence,6.4,-117.5038333,35.7053333,10.5,1
us700049sf,1562214644424,"250 km WNW of Port McNeill, Canada",6.2,-130.5005,51.2369,10.0,1
us70004840,1562001208400,"40 km ENE of Luganville, Vanuatu",6.0,167.531,-15.4403,91.0,0
us700046la,1561737091302,"Maug Islands region, Northern Mariana Islands",6.4,144.3477,19.8515,410.0,1
us700045vh,1561633496341,Kermadec Islands region,6.3,-179.182,-30.3961,10.0,0
us7000455l,1561526631514,"4 km SE of Aserrío de Gariché, Panama",6.2,-82.754,8.4612,32.58,0
us7000451w,1561515487841,"100 km E of Ust’-Kamchatsk Staryy, Russia",6.3,164.0881,56.1821,10.0,0
us600045mz,1561453540478,"108 km E of Ust’-Kamchatsk Staryy, Russia",6.4,164.2327,56.202,10.0,1
us600044zz,1561344819830,Banda Sea,7.3,129.1692,-6.4078,212.0,1
us600044z4,1561338329464,"230 km W of Abepura, Indonesia",6.1,138.5675,-2.7756,28.0,0
us6000444m,1561106236948,"Kermadec Islands, New Zealand",6.2,-177.4681,-30.8591,14.0,0
us6000434e,1560965088803,"244 km W of Abepura, Indonesia",6.3,138.461,-2.2656,10.0,0
us600042vn,1560927705433,"Kermadec Islands, New Zealand",6.4,-177.8482,-30.5243,30.0,1
us600042fx,1560864139010,"31 km WSW of Tsuruoka, Japan",6.4,139.4769,38.6391,12.0,1
us600041lv,1560751324099,"Kermadec Islands, New Zealand",6.1,-177.481,-30.8389,12.0,0
us600041b3,1560662234868,Kermadec Islands region,6.3,-178.0819,-31.0004,21.0,1
us6000417i,1560639304130,"Kermadec Islands, New Zealand",7.3,-178.0995,-30.6441,46.0,1
us60004177,1560635770835,"82 km ENE of ‘Ohonua, Tonga",6.1,-174.169,-21.1807,13.0,0
us600040ja,1560471552401,"72 km W of Coquimbo, Chile",6.4,-72.0819,-30.0557,11.0,0
us70003v3j,1559623156961,"Izu Islands, Japan region",6.4,139.289,29.0665,422.0,0
us70003ud5,1559471789673,"108 km E of ‘Ohonua, Tonga",6.0,-173.9096,-21.2068,10.0,0
us70003tl7,1559297552876,"34 km ESE of Pondaguitan, Philippines",6.1,126.479,6.2795,98.72,0
us70003t7v,1559230681451,"132 km WSW of Haveluloto, Tonga",6.0,-176.3171,-21.7541,177.85,0
us70003t2n,1559207012337,"32 km S of La Libertad, El Salvador",6.6,-89.3056,13.1994,57.92,1
us60003sc0,1558856475073,"78 km NE of Navarro, Peru",8.0,-75.2697,-5.8119,122.57,1
us60003r2r,1558601117746,"127 km WSW of Adak, Alaska",6.0,-178.2387,51.3078,30.0,1
us70003n96,1558277810691,"164 km E of Tadine, New Caledonia",6.3,169.4692,-21.6074,20.0,1
us70003n8z,1558276031826,"176 km E of Tadine, New Caledonia",6.0,169.5758,-21.7313,16.0,0
us70003n4z,1558229009151,"196 km E of Tadine, New Caledonia",6.3,169.7779,-21.6619,20.0,1
us70003kyy,1557838705939,"48 km NE of Kokopo, Papua New Guinea",7.6,152.5967,-4.051,10.0,1
us70003k3p,1557689090373,"1 km W of Breñón, Panama",6.0,-82.8298,8.625,19.0,0
us70003j46,1557445722779,"43 km ESE of Miyazaki, Japan",6.2,131.8483,31.7772,22.0,0
us70003hqb,1557177577983,"32 km NW of Bulolo, Papua New Guinea",7.1,146.4494,-6.9746,146.0,1
us70003g5a,1556868331787,"144 km NNE of Buala, Solomon Islands",6.2,160.1125,-6.9478,27.0,0
us70003e0j,1556547592499,Carlsberg Ridge,6.3,57.2283,10.8649,10.0,0
us70003an0,1556029217830,south of the Fiji Islands,6.0,-178.7639,-24.7059,385.58,0
us70003aj3,1555997873147,"17 km ESE of Tutubigan, Philippines",6.4,125.2013,11.7547,56.0,1
us70003a91,1555944545341,South Sandwich Islands region,6.0,-27.3509,-56.2633,79.0,0
us70003a63,1555924272013,"3 km WSW of San Francisco, Philippines",6.1,120.5149,14.9538,21.84,0
us700038m1,1555598761733,western Indian-Antarctic Ridge,6.3,139.321,-51.127,10.0,0
us700038c1,1555563666493,"8 km NE of Hualien City, Taiwan",6.1,121.6501,24.0374,20.0,0
us700034zz,1555080691603,"94 km WSW of Kandrian, Papua New Guinea",6.0,148.7394,-6.4883,30.0,0
us700034ya,1555071784870,"121 km ENE of Hihifo, Tonga",6.0,-172.8171,-15.4067,15.36,0
us700034xq,1555069249363,"Sulawesi, Indonesia",6.8,122.5798,-1.8146,15.46,0
us700034d3,1554970701380,"143 km NE of Miyako, Japan",6.0,143.2985,40.4096,18.0,0
us600032fg,1554832438423,South Sandwich Islands region,6.5,-25.304,-58.6262,38.0,1
us2000kbi1,1554587701660,"197 km N of Likisá, Timor Leste",6.3,125.0416,-6.8285,539.0,0
us2000kav9,1554480856716,South Sandwich Islands region,6.4,-27.8522,-55.9308,57.0,1
us2000k9d7,1554240930049,"Rat Islands, Aleutian Islands, Alaska",6.4,178.0709,52.1702,7.98,1
us2000k8ri,1554143945857,"262 km NE of Port Mathurin, Mauritius",6.0,65.3656,-18.2058,10.0,0
us2000k7vu,1554015844795,"31 km N of Santa Elena, Ecuador",6.2,-80.8101,-1.9446,18.0,0
us2000k7ks,1553944842559,"108 km E of Kimbe, Papua New Guinea",6.2,151.1053,-5.7003,41.0,0
us2000k6u4,1553810809401,"266 km ESE of Ozernovskiy, Russia",6.2,159.943,50.4951,9.0,0
us1000jkwi,1553402255918,"146 km NW of Ternate, Indonesia",6.1,126.3955,1.6601,45.0,0
us1000jkrq,1553368877998,"3 km WSW of Versalles, Colombia",6.1,-76.223,4.5595,122.0,0
us1000jj9r,1553095438680,"53 km E of Luganville, Vanuatu",6.3,167.6551,-15.5965,119.0,0
us1000jg5z,1552626230060,"31 km SSE of Tarata, Bolivia",6.3,-65.9072,-17.8744,359.0,0
us1000jd7d,1552222080607,"162 km ENE of Samarai, Papua New Guinea",6.0,152.0647,-10.1317,9.0,0
us1000jd55,1552205546426,"221 km E of Levuka, Fiji",6.2,-178.6034,-17.8915,578.19,0
us1000jccx,1552057572620,"40 km N of Santa Monica, Philippines",6.0,126.006,10.384,30.0,0
us1000jb8d,1551887174900,south of the Kermadec Islands,6.4,-177.8845,-32.0238,29.0,1
us1000j96d,1551430242591,"22 km NNE of Azángaro, Peru",7.0,-70.1546,-14.7131,267.0,1
us2000jlfv,1550830643770,"115 km ESE of Palora, Ecuador",7.5,-77.0505,-2.1862,145.0,1
us2000jj68,1550414155840,"95 km N of Rabaul, Papua New Guinea",6.4,152.1319,-3.3412,368.12,0
us2000ji4e,1550174224980,northern Mid-Atlantic Ridge,6.2,-36.0378,35.4267,10.0,0
us2000jgma,1549974856500,"Maug Islands region, Northern Mariana Islands",6.0,145.7965,19.02,144.32,0
us2000jcbz,1549099656030,"170 km WSW of Sungai Penuh, Indonesia",6.0,100.0743,-2.8462,20.0,0
us2000jbub,1549037652329,"5 km SW of Puerto Madero, Mexico",6.7,-92.4527,14.6802,66.0,1
us2000j98z,1548532604070,Fiji region,6.2,-178.9592,-21.0475,588.0,0
us2000j92w,1548474697870,"116 km SE of Kieta, Papua New Guinea",6.2,156.3207,-7.0089,355.0,0
us2000j7dn,1548183703580,Prince Edward Islands region,6.7,42.3568,-43.1219,13.0,0
us2000j73a,1548133803480,"160 km WSW of Waingapu, Indonesia",6.3,119.0165,-10.4148,24.0,0
us2000j70q,1548115163860,"142 km WSW of Waingapu, Indonesia",6.0,119.1521,-10.3278,26.0,0
us2000j6hy,1547947972480,"10 km SSW of Coquimbo, Chile",6.7,-71.3815,-30.0404,63.0,1
us2000j5qu,1547817511030,"67 km WNW of Isangel, Vanuatu",6.0,168.7446,-19.2036,38.67,0
us2000j545,1547737595650,"164 km SW of Lorengau, Papua New Guinea",6.2,146.3889,-3.2307,10.0,0
us2000j468,1547575594300,"94 km NW of Sola, Vanuatu",6.6,166.8752,-13.336,35.0,1
us2000j1d4,1546951170950,"16 km SSE of Nishinoomote, Japan",6.3,131.0441,30.5872,35.0,0
us2000j0uj,1546795638980,Molucca Sea,6.6,126.758,2.258,43.21,1
us2000j0ja,1546716338520,"90 km W of Tarauacá, Brazil",6.8,-71.587,-8.144,570.41,0
us2000izcv,1546223737670,"87 km SE of King Cove, Alaska",6.0,-161.5131,54.4266,31.0,1
us2000iyta,1546054749740,"96 km ESE of Pondaguitan, Philippines",7.0,126.9209,5.8983,60.21,1
us2000ix3y,1545655279250,"161 km SE of Ust’-Kamchatsk Staryy, Russia",6.1,164.5099,55.3439,10.0,0
us2000iwvb,1545606523440,"91 km SW of Pangai, Tonga",6.4,-175.071,-20.2855,113.0,1
us2000iwat,1545488701180,"95 km WNW of Sola, Vanuatu",6.0,166.8151,-13.4,42.0,0
us2000ivfw,1545325315150,"187 km SE of Ust’-Kamchatsk Staryy, Russia",7.3,164.6993,55.0999,16.56,1
us2000iuya,1545183460500,southeast of Easter Island,6.3,-101.0723,-36.1378,10.0,0
us2000iu2u,1544953357200,"153 km SSW of Abepura, Indonesia",6.1,140.2323,-3.9226,61.97,0
us2000isw3,1544620436180,Pacific-Antarctic Ridge,6.3,-128.6641,-55.6687,10.0,0
us2000isc8,1544495189420,South Sandwich Islands region,7.1,-26.3856,-58.5446,133.0,1
us1000i2k0,1543992184130,"199 km ESE of Tadine, New Caledonia",6.6,169.7331,-22.0629,10.0,1
us1000i2gt,1543983488420,"166 km ESE of Tadine, New Caledonia",7.5,169.4266,-21.9496,10.0,1
us1000i2gr,1543983276490,"160 km ESE of Tadine, New Caledonia",6.3,169.3495,-22.0161,10.0,0
us1000hzjp,1543670841080,"226 km NE of Lospalos, Timor Leste",6.4,128.7065,-7.3841,136.0,0
ak018fcnsk91,1543598969330,"1 km SE of Point MacKenzie, Alaska",7.1,-149.9552,61.3464,46.7,1
us1000hwdw,1543163852830,"15 km SW of Sarpol-e Z?ah?b, Iran",6.3,45.7443,34.3609,18.0,0
us1000hwaj,1543117250810,"36 km SE of Mountain, Colombia",6.0,-81.0931,13.1817,10.0,1
us1000htm5,1542572746590,"187 km E of Levuka, Fiji",6.8,-178.9273,-17.8735,540.0,1
us1000hsie,1542338815640,"136 km E of Kirakira, Solomon Islands",6.2,163.1676,-10.5383,10.0,1
us1000hsfz,1542323341060,southern East Pacific Rise,6.3,-122.0441,-56.2363,10.0,0
us1000hsaf,1542312142920,South Sandwich Islands region,6.4,-25.546,-56.7065,15.0,1
us1000hrv1,1542230510870,"71 km SSW of Ust’-Kamchatsk Staryy, Russia",6.1,161.9943,55.6414,49.0,0
us1000hqkp,1541945039560,North Atlantic Ocean,6.3,-49.8719,15.5653,10.0,0
us1000hq85,1541838801140,"79 km SSE of Pangai, Tonga",6.1,-174.0081,-20.4538,35.0,0
us1000hpim,1541728180050,"120 km NW of Olonkinbyen, Svalbard and Jan Mayen",6.7,-11.2431,71.6312,10.0,1
us2000i6mv,1541318129280,"10 km SSE of Sapad, Philippines",6.0,123.867,7.7599,600.71,0
us2000i5tk,1541156475880,"298 km E of Dolinsk, Russia",6.0,146.6972,47.8334,433.0,0
us2000i5mj,1541110791690,"115 km NE of Iquique, Chile",6.2,-69.2656,-19.5827,102.0,0
us1000hiup,1540865619480,"62 km E of Waitara, New Zealand",6.1,174.9584,-39.057,225.48,0
us1000hied,1540796061250,Drake Passage,6.3,-66.3834,-57.434,10.0,0
us1000hib5,1540765433420,"85 km SW of Acajutla, El Salvador",6.1,-90.3687,13.0346,22.0,0
us1000hhb1,1540508092630,"32 km SW of Lithakiá, Greece",6.8,20.5565,37.5203,14.0,0
us1000hfh3,1540189368120,"237 km SW of Port McNeill, Canada",6.5,-129.7237,49.297,10.0,0
us1000hfgv,1540188986450,"210 km SW of Port McNeill, Canada",6.8,-129.289,49.3346,10.0,1
us1000hfgn,1540186779590,"223 km SW of Port McNeill, Canada",6.5,-129.4124,49.2586,10.0,1
us1000hclz,1539651823580,"171 km E of Tadine, New Caledonia",6.5,169.5217,-21.7427,17.0,1
us1000hcln,1539649693060,"171 km ESE of Tadine, New Caledonia",6.3,169.4869,-21.9232,12.0,1
us1000hbkz,1539429022400,"269 km WNW of Ozernovskiy, Russia",6.7,153.2429,52.8549,461.0,1
us1000hacw,1539213362130,"154 km S of Severo-Kuril’sk, Russia",6.5,156.2968,49.2902,20.0,1
us1000habl,1539208834500,"91 km SW of Kokopo, Papua New Guinea",6.2,151.7231,-4.9624,121.0,0
us1000haa3,1539204500100,"119 km E of Kimbe, Papua New Guinea",7.0,151.2046,-5.7012,39.0,1
us1000ha9t,1539204325300,"136 km E of Kimbe, Papua New Guinea",6.1,151.3533,-5.7433,41.56,0
us1000ha6q,1539197095280,"49 km NE of Panji, Indonesia",6.0,114.4553,-7.4525,9.0,0
us1000h97j,1539071111640,"142 km S of Severo-Kuril’sk, Russia",6.1,156.2425,49.3959,19.0,0
us1000h5eg,1538438382740,"99 km S of Waingapu, Indonesia",6.0,120.2424,-10.5585,29.0,0
us1000h4l1,1538304743010,"279 km E of Levuka, Fiji",6.7,-178.0633,-18.3604,550.0,1
us1000h3p4,1538128965250,"72 km N of Palu, Indonesia",7.5,119.8462,-0.2559,20.0,0
us1000h3mf,1538117999740,"57 km NNW of Palu, Indonesia",6.1,119.7705,-0.4009,4.99,0
us2000hg93,1537255661320,Southwest Indian Ridge,6.0,49.7765,-37.8135,10.0,0
us2000hfjk,1537132308820,south of the Fiji Islands,6.5,178.1991,-25.415,576.0,0
us2000hc1x,1536607897420,"240 km ESE of Tadine, New Caledonia",6.3,170.1584,-21.988,12.0,1
us2000hbpv,1536553142630,Kermadec Islands region,6.9,-179.3728,-31.7447,115.0,0
us2000hbk9,1536521495090,"66 km NW of Kirakira, Solomon Islands",6.5,161.5025,-10.0207,68.0,1
us2000haxi,1536391009620,"7 km WNW of Manay, Philippines",6.2,126.4779,7.2377,10.0,0
us2000ha13,1536286326280,"8 km SE of Alausí, Ecuador",6.2,-78.7903,-2.2532,110.5,0
us2000h9e2,1536248958710,"45 km S of Levuka, Fiji",7.9,179.3502,-18.4743,670.81,1
us2000h8ty,1536170879150,"27 km ESE of Chitose, Japan",6.6,141.9294,42.6861,35.0,1
us1000gjaz,1535514716100,"238 km ESE of Tadine, New Caledonia",7.1,170.1262,-22.0295,21.43,1
us1000gj78,1535495713410,"211 km NNE of Saipan, Northern Mariana Islands",6.4,146.8395,16.8044,55.0,1
us1000gii0,1535440091360,"92 km SE of Kupang, Indonesia",6.2,124.1871,-10.773,14.0,0
us1000ghda,1535235205620,"32 km SW of Jav?nr?d, Iran",6.0,46.2422,34.6111,10.0,0
us1000ggj4,1535101448250,"136 km W of Iñapari, Peru",7.1,-70.8284,-11.0355,630.0,0
us1000gfvg,1534995312270,"97 km SW of Adak, Alaska",6.3,-177.7604,51.35,20.0,1
us1000gf8u,1534930305530,"272 km W of Bandon, Oregon",6.2,-127.7166,43.5637,10.0,1
us1000gf2g,1534890746470,"78 km E of Lakatoro, Vanuatu",6.5,168.1428,-16.0315,9.0,1
us1000gez7,1534887107600,"40 km ENE of Carúpano, Venezuela",7.3,-62.9019,10.7731,146.82,1
us1000gda5,1534690587490,"20 km NNW of Labuan Lombok, Indonesia",6.9,116.6272,-8.319,21.0,0
us1000gcwt,1534652938700,"284 km ESE of Labasa, Fiji",6.4,-178.0332,-16.9783,415.6,1
us1000gcvr,1534651822640,"19 km NNW of Labuan Lombok, Indonesia",6.3,116.5993,-8.3366,16.0,0
us1000gcnc,1534638186180,Fiji region,6.3,-177.6404,-18.4447,575.76,0
us1000gcii,1534637980670,2018 Fiji Earthquake,8.2,-178.153,-18.1125,600.0,1
us1000gc0k,1534548144950,"19 km NNW of Golfito, Costa Rica",6.1,-83.1527,8.7791,15.0,0
us1000gbi4,1534520101890,"124 km N of Labuan Bajo, Indonesia",6.5,119.8017,-7.3718,529.0,0
us1000gaqv,1534443773360,"Volcano Islands, Japan region",6.3,143.3187,23.4226,20.0,0
us1000ga0z,1534370216310,"108 km WSW of Adak, Alaska",6.5,-178.0262,51.4234,33.93,1
us1000g8kf,1534217392100,South Sandwich Islands region,6.1,-25.2725,-58.1339,25.0,0
ak018aasz24z,1534108500999,"73 km SSW of Kaktovik, Alaska",6.0,-144.3388,69.5227,16.2,1
ak018aap2cqu,1534085933503,"89 km SW of Kaktovik, Alaska",6.4,-145.291,69.5762,15.8,1
us1000g6hl,1533924727020,"261 km SSW of Severo-Kuril’sk, Russia",6.0,154.939,48.4593,27.0,0
us1000g3ub,1533469598630,"36 km NW of Labuan Lombok, Indonesia",6.9,116.4375,-8.2581,34.0,0
us2000ggbs,1532818058740,"33 km NNW of Labuan Lombok, Indonesia",6.4,116.508,-8.2395,14.0,0
us2000gg76,1532797643380,"177 km NNE of Maumere, Indonesia",6.0,122.7263,-7.1039,578.16,0
us2000gbr3,1532342159590,central Mid-Atlantic Ridge,6.0,-19.252,-0.2994,10.0,0
usd00090uc,1532025032710,"91 km W of Kandrian, Papua New Guinea",6.0,148.7302,-6.1139,29.62,0
us2000g6uy,1531810973020,"118 km SE of Lata, Solomon Islands",6.0,166.432,-11.5936,37.96,0
us2000g5mh,1531660156470,"192 km NNW of Kilmia, Yemen",6.0,51.717,13.8484,10.0,0
us2000g5b4,1531619839410,"214 km NNW of Kilmia, Yemen",6.0,51.7365,14.0625,10.0,0
us2000g3up,1531475209070,"72 km NNW of Isangel, Vanuatu",6.4,169.0467,-18.9279,167.0,0
us2000fzb7,1530999229640,"Kermadec Islands, New Zealand",6.0,-178.0701,-30.5662,35.0,1
us2000fxyz,1530841204610,"93 km E of Ozernovskiy, Russia",6.1,157.8404,51.4994,45.0,0
us1000ey2i,1529615612660,"27 km WSW of Port-Vila, Vanuatu",6.1,168.0568,-17.7905,28.0,0
us1000e7qq,1526607931460,south of the Kermadec Islands,6.1,-178.4143,-34.5886,11.0,0
us1000e19e,1525862505910,"36 km NW of Ishqoshim, Tajikistan",6.2,71.3822,36.9942,116.0,0
us1000e17w,1525852674950,"178 km SSW of Kokopo, Papua New Guinea",6.0,151.7836,-5.8822,9.0,0
us1000dym9,1525501145040,"64 km NNW of Pandan, Philippines",6.1,123.9192,14.5708,18.0,0
hv70116556,1525473174650,"18 km SSW of Leilani Estates, Hawaii",6.9,-154.9996667,19.3181667,5.81,1
us1000dw7i,1525242769020,Easter Island region,6.0,-111.6328,-24.2723,10.0,0
us1000dnuj,1524172157000,Prince Edward Islands region,6.0,42.1877,-42.7797,10.0,0
us2000e0mq,1523820643200,"88 km NW of Ternate, Indonesia",6.0,126.8759,1.4083,34.0,0
us2000dxfc,1523355574370,"56 km SW of Ovalle, Chile",6.2,-71.5292,-31.0258,66.0,0
us2000dvwq,1523080120010,"45 km W of Tari, Papua New Guinea",6.3,142.5314,-5.8382,18.07,0
us2000dus5,1522900418410,"43 km ESE of Tarragona, Philippines",6.0,126.7785,6.8325,34.0,0
us1000dce2,1522676434840,"38 km SE of Boyuibe, Bolivia",6.8,-63.0058,-20.6588,559.0,0
us1000dcbs,1522648655680,south of the Fiji Islands,6.1,-176.8865,-24.719,92.0,0
us1000db40,1522358736790,"150 km E of Kimbe, Papua New Guinea",6.9,151.4999,-5.5321,35.0,1
us1000d937,1522057860430,"140 km E of Kimbe, Papua New Guinea",6.7,151.4025,-5.5024,40.0,1
us1000d8xh,1522008887690,Banda Sea,6.4,129.8172,-6.6343,169.0,0
us1000d8ny,1521921513380,southeast Indian Ridge,6.0,96.0692,-45.7783,10.0,0
us1000d8k9,1521890612050,"150 km E of Kimbe, Papua New Guinea",6.3,151.4971,-5.4959,33.0,1
us1000d1kv,1520530791100,"103 km E of Kokopo, Papua New Guinea",6.8,153.1996,-4.3762,22.86,1
us2000dcx1,1520345587650,"62 km SW of Tari, Papua New Guinea",6.7,142.6116,-6.3043,20.49,1
us2000dc52,1520193377890,"66 km SW of Tari, Papua New Guinea",6.0,142.5994,-6.331,10.0,0
us2000d90d,1519785945430,"63 km SW of Tari, Papua New Guinea",6.1,142.4681,-6.1696,16.0,0
us2000d8rl,1519752562580,west of Macquarie Island,6.1,150.7793,-60.2494,10.0,0
us2000d867,1519658280280,"59 km SW of Mendi, Papua New Guinea",6.3,143.255,-6.5052,19.0,0
us2000d855,1519652093530,"194 km WNW of Ambon, Indonesia",6.1,126.6859,-2.7774,9.0,0
us2000d7q6,1519580684140,"32 km SW of Tari, Papua New Guinea",7.5,142.7536,-6.0699,25.21,1
us2000d3km,1518824379280,"4 km S of Pinotepa de Don Luis, Mexico",7.2,-97.9787,16.3855,22.0,1
us2000d0p1,1518390855080,"154 km SE of San Jose Village, Northern Mariana Islands",6.0,146.4377,13.8205,10.0,0
us2000czgc,1518176636760,"215 km E of Levuka, Fiji",6.0,-178.6605,-17.8709,556.91,0
us1000chhc,1517932243320,"18 km NNE of Hualien City, Taiwan",6.4,121.6586,24.1338,17.0,0
us1000cfn6,1517752601950,"22 km NNE of Hualien City, Taiwan",6.1,121.7078,24.1572,12.0,0
us1000cdn0,1517483150630,"254 km SSE of Alo, Wallis and Futuna",6.0,-177.4612,-16.5186,10.0,0
us2000crmu,1517382420290,"37 km S of Jurm, Afghanistan",6.2,70.8507,36.5261,193.73,0
us2000cqnn,1517155383970,southwest of Africa,6.6,9.6842,-53.0623,10.0,1
us2000cq5t,1517006877760,"188 km N of Madang, Papua New Guinea",6.3,145.8477,-3.5138,10.0,0
us2000cp4y,1516846234820,"259 km ESE of Ust’-Kamchatsk Staryy, Russia",6.2,166.4497,55.5423,11.15,0
us2000cnnl,1516791079090,"99 km ENE of Misawa, Japan",6.3,142.4323,41.1034,31.0,0
us2000cmy3,1516699900890,"261 km SE of Chiniak, Alaska",7.9,-149.1658,56.0039,14.06,1
us2000cm0f,1516496802710,"100 km ESE of Arica, Chile",6.3,-69.4445,-18.8806,116.0,0
us2000cl83,1516378664720,"79 km NNE of Loreto, Mexico",6.3,-111.0785,26.6862,10.0,1
us2000cjfy,1515921525540,"37 km W of Atiquipa, Peru",7.1,-74.7092,-15.7675,39.0,1
us2000cifa,1515695184240,"40 km WSW of Pyu, Myanmar",6.0,96.0717,18.3719,9.0,0
us1000c2zy,1515552693290,"203 km NNE of Barra Patuca, Honduras",7.5,-83.52,17.4825,19.0,1
us2000c4v8,1513356478230,"12 km SSW of Kawalu, Indonesia",6.5,108.1743,-7.4921,90.0,0
us2000c3y6,1513188223920,Bouvet Island region,6.5,2.1628,-54.2189,17.0,1
us2000c3mi,1513114891140,"63 km NNE of Kerman, Iran",6.0,57.2982,30.8275,8.0,0
us2000c3ag,1513068198320,"53 km NNE of Kerman, Iran",6.0,57.2795,30.7372,12.0,0
us2000c2du,1512832464770,"50 km NW of Fais, Micronesia",6.1,140.2016,10.0928,10.0,0
us2000c1zn,1512726668050,"45 km NW of Fais, Micronesia",6.3,140.1871,10.0116,8.0,1
us2000c1wt,1512692574200,"50 km NW of Fais, Micronesia",6.4,140.2197,10.1164,12.79,1
us1000bkjh,1512299945440,"18 km NE of Bahía de Caráquez, Ecuador",6.1,-80.3101,-0.47,17.0,0
us1000bjph,1512096598490,"51 km NNW of Finschhafen, Papua New Guinea",6.0,147.6564,-6.1346,34.0,0
us1000bjnz,1512095566040,"55 km NNE of Kerman, Iran",6.1,57.307,30.7464,9.0,0
us1000bj7t,1512023570760,central Mid-Atlantic Ridge,6.5,-23.4323,-1.0802,10.0,1
us2000burc,1511766671620,"109 km ESE of Kokopo, Papua New Guinea",6.0,153.2269,-4.5746,54.0,0
us2000brz0,1511203867610,"191 km NW of Hihifo, Tonga",6.0,-175.0485,-14.7243,9.0,0
us2000brnd,1511136563730,"96 km E of Tadine, New Caledonia",6.0,168.8088,-21.4848,10.0,0
us2000brlf,1511131409250,"85 km ENE of Tadine, New Caledonia",7.0,168.6715,-21.3246,10.0,1
us2000brgk,1511104142880,"74 km E of Tadine, New Caledonia",6.6,168.5984,-21.5027,13.0,1
us2000brbk,1511083548730,"82 km E of Tadine, New Caledonia",6.3,168.6729,-21.6377,14.0,1
us2000bqsn,1510958059450,"156 km NNE of Shi Yomi, India",6.4,94.9838,29.8333,8.0,0
us2000bmhe,1510540103680,"18 km W of Parrita, Costa Rica",6.5,-84.4865,9.5147,19.36,1
us2000bmcg,1510510697180,"29 km S of ?alabja, Iraq",7.3,45.9592,34.9109,19.0,0
us2000blul,1510360574980,Ascension Island region,6.1,-14.1142,-11.7424,10.0,0
us2000bkrv,1510213331020,"Izu Islands, Japan region",6.0,141.438,32.5208,12.0,0
us2000bk15,1510089998480,"67 km WSW of Angoram, Papua New Guinea",6.5,143.4846,-4.2433,110.57,1
us2000bibm,1509786019420,"97 km NE of Hihifo, Tonga",6.8,-173.1682,-15.3197,10.0,1
us1000azjt,1509503037670,"101 km E of Tadine, New Caledonia",6.6,168.8585,-21.6484,22.0,1
us1000azi3,1509494970120,"110 km E of Tadine, New Caledonia",6.1,168.9342,-21.7278,11.0,0
us1000ayz8,1509450648370,"48 km W of Ambon, Indonesia",6.1,127.7517,-3.7449,6.0,0
us1000aytk,1509410528720,"132 km E of Tadine, New Caledonia",6.7,169.1485,-21.6971,24.0,1
us1000aw8q,1508842067860,"181 km NNE of Maumere, Indonesia",6.7,123.0735,-7.2168,553.81,0
us1000atnb,1508328059080,"103 km SE of Pangai, Tonga",6.1,-173.8022,-20.5914,10.0,0
us1000apql,1507661607830,Bouvet Island region,6.7,8.6086,-54.2632,9.0,1
us2000b3dm,1507617141170,"58 km E of Arica, Chile",6.3,-69.7526,-18.5715,85.0,0
us2000b2vq,1507502073490,"247 km ESE of Attu Station, Alaska",6.5,176.7691,52.3909,119.0,1
us2000b2v1,1507495738420,Balleny Islands region,6.2,154.5985,-61.7467,10.0,0
us2000b2sv,1507471478500,"156 km NW of Pangai, Tonga",6.1,-175.5659,-18.9903,10.0,0
us2000b1v8,1507276772880,"259 km ESE of Ishinomaki, Japan",6.2,144.0201,37.5033,9.0,0
us2000autd,1506399600260,south of the Fiji Islands,6.4,-176.8371,-23.5815,96.0,1
us2000atjv,1506171181480,"7 km NNE of Ixtepec, Mexico",6.1,-95.0778,16.6258,10.0,0
us2000as2f,1505938189610,"85 km NNW of Isangel, Vanuatu",6.4,169.0946,-18.7854,197.0,1
us2000arxv,1505925436360,"282 km ESE of Kamaishi, Japan",6.1,144.6601,37.9814,11.0,0
us2000arel,1505871805980,"Auckland Islands, New Zealand region",6.1,162.6317,-50.7087,8.0,0
us2000ar20,1505844878090,"1 km S of Matzaco, Mexico",7.1,-98.4887,18.5499,48.0,0
us2000ahv0,1504846159180,"2017 Tehuantepec, Mexico Earthquake",8.2,-93.8993,15.0222,47.39,1
us2000ahlq,1504805209320,"Bonin Islands, Japan region",6.1,139.8041,27.7829,451.0,0
us2000afh9,1504512454500,South Sandwich Islands region,6.1,-25.6131,-57.7387,25.0,0
us2000aert,1504409401760,"21 km ENE of S?ngjibaegam, North Korea",6.3,129.0297,41.3324,0.0,0
us2000adjh,1504199215750,"76 km SW of Pariaman, Indonesia",6.3,99.6881,-1.159,43.14,0
us2000ac7a,1503807471000,"110 km NE of Lorengau, Papua New Guinea",6.3,148.08,-1.4525,8.0,1
us2000a9n1,1503108052550,"195 km E of Levuka, Fiji",6.4,-178.8406,-17.9609,544.0,0
us2000a98r,1503025165640,north of Ascension Island,6.6,-13.6605,-1.112,35.0,1
us2000a7q2,1502593690560,"71 km W of Bengkulu, Indonesia",6.4,101.6228,-3.7682,31.0,0
us2000a77i,1502429305790,"1 km SE of Tuy, Philippines",6.2,120.7391,14.0065,172.0,0
us2000a65e,1502234873080,"102 km NNW of Xinyuan, China",6.3,82.8317,44.3023,20.0,0
us2000a5x1,1502198389540,"168 km SW of Mawu, China",6.5,103.8552,33.1926,9.0,0
us2000a1uk,1501178004610,North Atlantic Ocean,6.0,-49.3259,13.396,10.0,0
us2000a18e,1501065177430,"176 km SSE of Naze, Japan",6.0,130.1836,26.8975,12.0,0
us20009ynd,1500589871260,"11 km ENE of Kos, Greece",6.6,27.4139,36.9293,7.0,0
us20009xz4,1500466583560,Mauritius - Reunion region,6.0,66.4836,-17.4154,10.0,0
us20009x7r,1500343519750,"22 km S of Atico, Peru",6.4,-73.6357,-16.4161,43.68,0
us20009x42,1500334453740,"Komandorskiye Ostrova, Russia region",7.7,168.857,54.4434,10.0,1
us20009wwj,1500289509060,"Komandorskiye Ostrova, Russia region",6.3,168.6484,54.5802,9.0,1
us20009vvi,1499916968640,"115 km ESE of Kokopo, Papua New Guinea",6.4,153.2109,-4.7787,34.0,1
us100098qm,1499756401190,"Auckland Islands, New Zealand region",6.6,164.0157,-49.4837,10.0,1
us1000976a,1499328237550,"2 km S of Lim-oo, Philippines",6.5,124.6286,11.1269,9.0,1
us100095nr,1498861785140,"35 km NNW of Bahía de Caráquez, Ecuador",6.0,-80.4927,-0.2849,13.0,0
us1000954z,1498719791040,Kermadec Islands region,6.0,179.9257,-31.1253,404.82,0
us20009q4v,1498674055450,"Kermadec Islands, New Zealand",6.0,-177.6618,-30.3103,19.0,0
us20009pmr,1498412544410,"198 km W of Pangai, Tonga",6.0,-176.2265,-19.5519,10.0,0
us20009p1a,1498134663490,"28 km SW of Puerto San José, Guatemala",6.8,-90.9718,13.7174,38.12,1
us20009nc2,1497738362010,south of the Fiji Islands,6.1,179.6041,-24.0927,511.0,0
us20009mjp,1497486377550,"Kermadec Islands, New Zealand",6.0,-178.0563,-30.5156,34.0,0
us20009mbt,1497425344390,"2 km SSW of San Pablo, Guatemala",6.9,-92.0092,14.9091,93.0,1
us20009ly0,1497270519150,"5 km S of Plomári, Greece",6.3,26.365,38.9296,12.0,0
us20009jd6,1496442287440,"200 km NW of Attu Station, Alaska",6.8,170.9196,54.0312,5.0,1
us10008w1z,1496068521510,"37 km WNW of Poso, Indonesia",6.6,120.4313,-1.2923,12.0,0
us10008tp0,1495242374250,"25 km S of Alburquerque, Philippines",6.0,123.9537,9.3818,533.0,0
us10008sjn,1494854558630,"40 km ENE of Rabaul, Papua New Guinea",6.2,152.4781,-4.022,10.0,0
us10008rtu,1494585686710,"78 km SSW of Acajutla, El Salvador",6.2,-90.0611,12.9187,16.0,0
us10008rb6,1494458616830,South Sandwich Islands region,6.5,-25.7432,-56.414,15.0,1
us10008qsb,1494337930940,"59 km NNE of Port-Olry, Vanuatu",6.8,167.3767,-14.5884,169.0,1
us10008qnw,1494294854550,"110 km ESE of Hirara, Japan",6.0,126.3174,24.45,10.0,0
us10008qhu,1494262847520,"135 km W of Adak, Alaska",6.2,-178.5875,51.7344,13.0,1
us10008npq,1493786833380,"29 km NNW of Karakenja, Tajikistan",6.0,71.4438,39.4939,11.0,0
us10008mgu,1493648295290,"48 km NW of Mosquito Lake, Alaska",6.3,-136.7042,59.8295,2.53,1
us10008mel,1493641915590,"47 km NW of Mosquito Lake, Alaska",6.2,-136.7114,59.8209,10.0,1
us10008ls4,1493410997260,"31 km SW of Burias, Philippines",6.9,125.0658,5.5043,26.0,1
us10008kce,1493069910820,"40 km W of Valparaíso, Chile",6.9,-72.0617,-33.0375,28.0,1
us10008jvr,1492914967830,"37 km W of Valparaíso, Chile",6.0,-72.0296,-33.0354,21.0,0
us10008iph,1492535507030,"245 km E of Levuka, Fiji",6.0,-178.369,-18.0877,628.0,0
us10008hu2,1492244383390,"62 km SE of San Pedro de Atacama, Chile",6.3,-67.7225,-23.2653,155.0,0
us10008ei0,1491372552200,"61 km NNW of Torbat-e J?m, Iran",6.1,60.4363,35.7755,13.0,0
us10008e3k,1491241218560,"132 km WSW of Moijabana, Botswana",6.5,25.1558,-22.6784,29.0,0
us20008vhl,1490760564190,"81 km NNE of Ust’-Kamchatsk Staryy, Russia",6.6,162.7861,56.9401,17.0,1
us20008uzn,1490611820190,"63 km W of Attu Station, Alaska",6.2,172.2616,52.7586,20.0,1
us20008t6m,1489938205690,"70 km N of Auki, Solomon Islands",6.0,160.7536,-8.1364,8.37,0
us100088sf,1489459876770,"Nicobar Islands, India region",6.0,92.3044,6.1457,10.0,0
us1000876f,1488754073970,"31 km NW of Kandrian, Papua New Guinea",6.3,149.3619,-5.9945,37.0,1
us100086x7,1488596300280,"115 km SSE of Panguna, Papua New Guinea",6.1,155.748,-7.3277,17.0,0
us20008m3t,1487957324840,south of the Fiji Islands,6.9,-178.8036,-23.2593,414.5,1
us20008l41,1487686144320,"41 km E of Padilla, Bolivia",6.5,-63.9047,-19.2814,595.98,0
us20008kn8,1487419817970,"52 km NW of San Antonio de los Cobres, Argentina",6.4,-66.6592,-23.8613,222.0,0
us20008ixa,1486735423920,"11 km N of Mabua, Philippines",6.5,125.4516,9.9071,15.0,1
us20008ic7,1486505036390,"22 km WSW of Pasni, Pakistan",6.3,63.2644,25.1912,29.07,0
us10007uph,1485059422960,"35 km WNW of Panguna, Papua New Guinea",7.9,155.1718,-6.2464,135.0,1
us10007u7n,1484867061150,"65 km W of Kirakira, Solomon Islands",6.5,161.3355,-10.3506,36.0,1
us10007sd4,1484062034780,"104 km WNW of Kirakira, Solomon Islands",6.3,161.0271,-10.1132,26.0,1
us10007s9c,1484028828140,"189 km SSE of Tabiauan, Philippines",7.3,122.6171,4.4782,627.17,1
us10007s20,1483919234420,"Devon Island, Nunavut, Canada",6.0,-92.4156,74.3859,31.0,1
us10007pjt,1483483212570,"195 km SW of Nadi, Fiji",6.0,176.1875,-19.1207,10.0,0
us10007pj6,1483480350670,"225 km SW of Nadi, Fiji",6.9,176.0518,-19.3733,12.0,1
us10007p7m,1483362842830,south of the Fiji Islands,6.3,179.2383,-23.2513,551.62,0
us10007nl0,1483050619300,"58 km SSE of Dompu, Indonesia",6.3,118.6639,-9.0279,79.0,0
us10007mn3,1482675747010,"41 km SW of Quellón, Chile",7.6,-73.9413,-43.4064,38.0,1
us10007mf5,1482543136040,"175 km SE of Kokopo, Papua New Guinea",6.0,153.5754,-5.2453,35.0,0
us10007lkw,1482279434990,"151 km NE of Lospalos, Timor Leste",6.7,127.9206,-7.5082,152.0,0
us200082tk,1482237194240,"114 km WNW of Kirakira, Solomon Islands",6.0,160.9149,-10.1785,10.0,0
us200082pp,1482207689150,"81 km WNW of Kirakira, Solomon Islands",6.4,161.2271,-10.175,20.0,1
us200082an,1482067810680,"186 km NW of Iñapari, Peru",6.4,-70.9698,-9.9738,612.0,0
us2000828l,1482054426130,"135 km SSW of Colonia, Micronesia",6.2,137.6736,8.3725,19.0,1
us200081w0,1481974056170,"178 km WNW of Panguna, Papua New Guinea",6.3,154.0216,-5.6291,8.43,0
us200081v8,1481971870500,"140 km E of Kokopo, Papua New Guinea",7.9,153.5216,-4.5049,94.54,1
us200080m3,1481680882810,Mariana Islands region,6.0,144.4037,21.2897,22.37,0
us20007ztn,1481387074970,"133 km WNW of Panguna, Papua New Guinea",6.0,154.4734,-5.6593,142.58,0
us20007zlq,1481310606840,"92 km WSW of Kirakira, Solomon Islands",6.9,161.1316,-10.749,19.73,1
us20007zbn,1481234167500,"79 km WSW of Kirakira, Solomon Islands",6.5,161.3137,-10.8416,12.26,0
us20007z80,1481218726280,"69 km WSW of Kirakira, Solomon Islands",7.8,161.3273,-10.6812,40.0,1
us20007z6r,1481208585910,"164 km W of Ferndale, California",6.6,-126.1936,40.4535,8.45,1
us20007z2r,1481174104600,"58 km SSE of Shihezi, China",6.0,86.3451,43.8229,17.55,0
us10007ghm,1481061813390,"14 km WNW of Reuleuet, Indonesia",6.5,96.1678,5.2834,13.0,0
us10007ev8,1480900384880,"193 km NE of Maumere, Indonesia",6.3,123.3802,-7.3158,526.0,0
us10007e55,1480632026610,"22 km SW of Vilavila, Peru",6.2,-70.827,-15.3122,12.0,0
us10007ca5,1480083870710,"122 km N of Murghob, Tajikistan",6.6,73.9776,39.2732,17.0,0
us10007c4w,1480013027710,"156 km SSW of Puerto El Triunfo, El Salvador",6.9,-88.8968,11.9097,10.0,1
us10007b88,1479761989270,"35 km ESE of Namie, Japan",6.9,141.387,37.3931,9.0,1
us10007az5,1479675464000,"7 km NNW of Pocito, Argentina",6.4,-68.6259,-31.6226,108.0,0
us100077hw,1479083662610,"74 km NE of Amberley, New Zealand",6.5,173.2543,-42.6058,9.0,1
us100077aj,1479043885660,"90 km SSW of Blenheim, New Zealand",6.2,173.6961,-42.3093,2.09,0
us1000779b,1479037965010,"78 km SSW of Blenheim, New Zealand",6.1,173.6227,-42.1762,13.99,0
us10007795,1479036726540,"92 km SSW of Blenheim, New Zealand",6.5,173.6694,-42.3205,10.0,1
us1000778i,1479034976340,"53 km NNE of Amberley, New Zealand",7.8,173.054,-42.7373,15.11,1
us1000770m,1478900579650,"24 km ENE of Ishinomaki, Japan",6.1,141.5658,38.4973,42.4,0
us10007681,1478580945900,"42 km WNW of Talcahuano, Chile",6.0,-73.5603,-36.5776,20.0,0
us1000744u,1478276444440,"21 km SE of Curicó, Chile",6.3,-71.0457,-35.0945,90.0,0
us100073jd,1478027010100,"99 km W of Kandrian, Papua New Guinea",6.0,148.6588,-6.1039,51.99,0
us1000731j,1477809618670,"5 km ESE of Preci, Italy",6.6,13.0961,42.8621,8.0,0
us100072gn,1477600375790,"88 km WSW of San Antonio, Chile",6.0,-72.5321,-33.7771,12.57,0
us1000725y,1477509488430,"2 km NNW of Visso, Italy",6.1,13.0666,42.9564,10.0,0
us20007gsh,1477459189930,"127 km WNW of Hihifo, Tonga",6.1,-174.8622,-15.4371,10.0,0
us20007fta,1477026442990,"6 km S of Kurayoshi, Japan",6.2,133.8092,35.3743,5.63,1
us20007f7j,1476836761090,"161 km NNE of Pamanukan, Indonesia",6.6,108.1627,-4.8626,614.0,0
us20007ept,1476684898270,"76 km WNW of Kandrian, Papua New Guinea",6.8,148.8871,-6.0033,42.0,1
us20007ebu,1476518618150,"143 km N of Kimbe, Papua New Guinea",6.3,150.3606,-4.2735,442.0,0
us10006scr,1474752521700,Fiji region,6.9,-178.2443,-19.7819,596.4,1
us10006scl,1474751235790,"118 km WNW of Neiafu, Tonga",6.4,-174.984,-18.1706,202.0,0
us10006s4v,1474671190400,"36 km SE of Tamisan, Philippines",6.3,126.4918,6.5717,65.0,1
us10006rte,1474589674700,"142 km ESE of Katsuura, Japan",6.2,141.6368,34.4619,10.0,0
us10006r42,1474388476550,"Izu Islands, Japan region",6.1,142.0478,30.5017,9.0,0
us10006qas,1474075217940,"52 km NNW of Jayapura, Indonesia",6.0,140.5718,-2.0829,9.0,0
us10006pfn,1473837900070,"72 km NW of Malango, Solomon Islands",6.0,159.1673,-9.329,14.0,0
us10006pdp,1473818311570,"32 km ENE of Mutatá, Colombia",6.0,-76.1686,7.3736,18.0,0
us10006nkg,1473502100020,"51 km N of Moyobamba, Peru",6.1,-76.9536,-5.573,121.0,0
us10006n6r,1473371180100,Macquarie Island region,6.1,158.7126,-54.6136,10.0,1
us10006kpq,1473116043930,"Komandorskiye Ostrova, Russia region",6.1,168.5415,54.4153,8.0,0
us10006jd4,1472750046060,"179 km NE of Opotiki, New Zealand",6.1,178.9291,-37.0522,13.73,0
us10006jbi,1472747877300,"175 km NE of Gisborne, New Zealand",7.0,179.1461,-37.3586,19.0,1
us10006iy0,1472613094420,"90 km NE of Rabaul, Papua New Guinea",6.8,152.7915,-3.6849,476.0,1
us20006uy6,1472444997860,north of Ascension Island,7.1,-17.8255,-0.0456,10.0,1
us10006gbf,1472034894580,"26 km W of Chauk, Myanmar",6.8,94.569,20.9228,82.0,0
us10006g7d,1472002592870,"5 km WNW of Accumoli, Italy",6.2,13.1877,42.723,4.44,0
us10006g2n,1471981184580,"149 km N of Maumere, Indonesia",6.0,122.4345,-7.2872,533.0,0
us10006fik,1471751123780,South Georgia Island region,6.1,-31.7508,-55.3133,12.0,0
us10006fdp,1471683686210,"170 km ENE of Miyako, Japan",6.0,143.6796,40.3942,10.0,0
us10006exl,1471591942710,South Georgia Island region,7.4,-31.8766,-55.2852,10.0,0
us10006esj,1471543783940,southern East Pacific Rise,6.0,-123.2414,-55.9035,10.0,0
us10006d6d,1470972572710,south of the Fiji Islands,6.1,-177.3433,-25.1758,112.85,0
us10006d5h,1470965196280,southeast of the Loyalty Islands,7.2,173.1167,-22.4765,16.37,1
us10006a2k,1470327873530,"Volcano Islands, Japan region",6.3,142.0141,24.9447,510.0,0
us10006a1d,1470320112930,"49 km WSW of La Quiaca, Argentina",6.2,-66.0078,-22.3343,270.0,0
us100068jg,1469827104740,"Pagan region, Northern Mariana Islands",7.7,145.5073,18.5429,196.0,1
us20006hkb,1469475525560,"133 km SE of Lorengau, Papua New Guinea",6.4,148.0345,-2.969,14.0,1
us20006hi2,1469467610210,"54 km WNW of Diego de Almagro, Chile",6.1,-70.5111,-26.1067,72.0,0
us20006g6l,1469027596520,"71 km NNW of Isangel, Vanuatu",6.1,169.0547,-18.9285,167.0,0
us1000638m,1468411872830,Kermadec Islands region,6.3,-176.443,-28.0052,12.0,0
us100062hg,1468203064800,"33 km NNW of Rosa Zarate, Ecuador",6.3,-79.638,0.5812,21.0,0
us100062ea,1468158280680,"115 km NNE of Hihifo, Tonga",6.0,-173.2011,-15.083,8.0,0
us10005yp3,1467286233050,"7 km NE of Lakatoro, Vanuatu",6.0,167.4701,-16.0558,27.0,0
us200066x9,1466939831280,"92 km E of Kyzyl-Eshme, Kyrgyzstan",6.4,73.3388,39.4793,13.0,0
us200065sc,1466529127370,"91 km NNW of Rabaul, Papua New Guinea",6.3,151.8796,-3.4199,354.0,0
us200065s1,1466526394420,northern Mid-Atlantic Ridge,6.1,-45.1402,22.6582,10.0,0
us200065g0,1466394655240,"91 km SW of Isangel, Vanuatu",6.0,168.7595,-20.2072,15.0,0
us200065d1,1466329643600,"84 km SSW of Isangel, Vanuatu",6.3,169.0737,-20.2793,13.0,1
us200064bb,1465912162630,"98 km NNW of Isangel, Vanuatu",6.2,168.8279,-18.7609,111.0,0
us200063dk,1465532264840,"18 km WNW of Auki, Solomon Islands",6.2,160.559,-8.6757,30.4,0
us200063cy,1465529122920,Nicaragua,6.1,-86.9633,12.8318,10.0,0
us200062zs,1465445588130,"279 km S of Lembar, Indonesia",6.1,116.2669,-11.2487,19.0,0
us200062l9,1465326915330,"125 km WNW of Ternate, Indonesia",6.3,126.3712,1.2789,31.0,1
us200062i1,1465296697720,"106 km SSW of Barra de Navidad, Mexico",6.3,-105.1731,18.3637,10.0,0
us2000629f,1465180532390,"Kermadec Islands, New Zealand",6.1,-177.8359,-30.0235,43.83,0
us2000626m,1465143933540,Banda Sea,6.3,125.6264,-4.587,429.62,0
us20005zt1,1464821760800,"80 km W of Sungai Penuh, Indonesia",6.6,100.6654,-2.0967,50.0,0
us20005zay,1464672227310,Taiwan region,6.4,122.5458,25.5615,246.4,0
us20005ysu,1464428819780,South Sandwich Islands region,7.2,-26.9353,-56.2409,78.0,1
us20005yqp,1464413930550,Fiji region,6.9,-178.2038,-21.9724,405.69,1
us20005yd7,1464322123950,Fiji region,6.4,-178.6481,-20.8101,567.48,0
us10005iyk,1463768044670,"116 km WSW of Yulara, Australia",6.0,129.8841,-25.5655,10.0,0
us10005i9n,1463590003860,"24 km NW of Rosa Zarate, Ecuador",6.9,-79.616,0.4947,29.95,1
us10005i5t,1463558222650,"32 km SE of Muisne, Ecuador",6.7,-79.7899,0.4261,16.0,1
us10005cc4,1461893618910,northern East Pacific Rise,6.6,-103.7363,10.2752,10.0,1
us10005c88,1461872004070,"3 km NW of Norsup, Vanuatu",7.0,167.3786,-16.0429,24.0,1
us10005bxb,1461761479440,"75 km WSW of Puerto Madero, Mexico",6.0,-93.0882,14.5178,16.0,0
us20005li9,1461568028600,"83 km WSW of Puerto Madero, Mexico",6.0,-93.1509,14.479,16.0,0
us20005kqh,1461294221720,"34 km NNW of Bahía de Caráquez, Ecuador",6.0,-80.5039,-0.2921,10.0,0
us20005kb6,1461141310620,"10 km N of Muisne, Ecuador",6.0,-80.0352,0.7079,10.0,0
us20005k37,1461141227330,"21 km W of Muisne, Ecuador",6.2,-80.2104,0.639,14.0,0
us20005jqc,1461043539940,South Sandwich Islands region,6.2,-27.2307,-55.7283,14.0,0
us20005j32,1460851116980,"27 km SSE of Muisne, Ecuador",7.8,-79.9218,0.3819,20.59,1
us20005iis,1460737506220,"6 km ESE of Kumamoto, Japan",7.0,130.7543,32.7906,10.0,1
us20005ih9,1460729486430,"110 km SSW of Champerico, Guatemala",6.1,-92.367,13.4008,22.41,0
us20005i6p,1460670627680,"89 km NW of Port-Olry, Vanuatu",6.4,166.4334,-14.5284,16.0,1
us20005i1a,1460646227240,"5 km ENE of Uto, Japan",6.0,130.7204,32.6973,8.0,0
us20005hzn,1460636795730,"2 km SSE of Kumamoto, Japan",6.2,130.7042,32.788,9.0,0
us20005hux,1460571712730,"15 km NW of Siocon, Philippines",6.0,122.0231,7.7917,17.0,0
us20005hqz,1460555717800,"76 km SE of Mawlaik, Myanmar",6.9,94.8654,23.0944,136.0,0
us20005gsg,1460284138720,"42 km WSW of Ashk?sham, Afghanistan",6.6,71.1311,36.4725,212.0,0
us20005fzn,1459999973500,"104 km W of Sola, Vanuatu",6.7,166.5943,-13.9805,27.59,1
us20005fv5,1459953929620,"111 km S of Banjar, Indonesia",6.1,107.3857,-8.2036,29.0,0
us20005fsi,1459925928210,"102 km WSW of Sola, Vanuatu",6.7,166.6245,-14.0683,24.0,1
us20005e8t,1459671832320,"82 km NNW of Port-Olry, Vanuatu",6.9,166.8551,-14.3235,26.0,1
ak01649w95tp,1459576200932,"42 km E of Port Heiden, Alaska",6.2,-157.9322,57.008,11.4,1
us20005e01,1459538695370,"119 km NE of Angoram, Papua New Guinea",6.2,144.887,-3.3585,6.0,0
us20005bbh,1458514220430,"216 km S of Ust’-Kamchatsk Staryy, Russia",6.4,162.8129,54.294,30.0,0
us20005azy,1458386793230,"126 km ENE of Codrington, Antigua and Barbuda",6.0,-60.7019,17.996,26.0,0
us20005axu,1458351312170,"75 km S of Atka, Alaska",6.0,-174.1423,51.5145,17.0,0
us10004x1w,1457806004760,"72 km SSE of Atka, Alaska",6.3,-173.9423,51.5648,19.0,1
us10004u1y,1456922988110,"southwest of Sumatra, Indonesia",7.8,94.3299,-4.9521,24.0,0
us10004t7g,1456608583570,western Indian-Antarctic Ridge,6.1,139.5956,-51.7897,10.0,0
us10004rn7,1456123019400,"105 km WSW of Coquimbo, Chile",6.0,-72.2967,-30.4242,12.0,0
us200050wc,1455729962210,"151 km SE of Tobelo, Indonesia",6.0,129.0605,0.8597,9.0,0
us200050pj,1455666515680,southern East Pacific Rise,6.1,-125.1659,-55.7841,13.0,0
us200050a6,1455548552890,"32 km WNW of Haveluloto, Tonga",6.0,-175.4788,-20.9981,10.0,0
us20004zp9,1455271344050,"94 km W of Waingapu, Indonesia",6.3,119.4013,-9.6338,28.0,0
us20004z5b,1455064385340,"37 km W of Ovalle, Chile",6.3,-71.5838,-30.5723,29.0,0
us20004yr0,1454948352780,"88 km WSW of Panguna, Papua New Guinea",6.4,154.7421,-6.6207,29.0,1
us20004y6h,1454702247380,"25 km SE of Yujing, Taiwan",6.4,120.6014,22.9375,23.0,1
us20004wck,1454353246280,Kermadec Islands region,6.2,-179.9504,-30.7539,391.0,0
us20004w6c,1454261939950,Balleny Islands region,6.1,169.1485,-63.263,10.0,0
us20004vvx,1454124312220,"80 km S of Mil’kovo, Russia",7.2,158.5463,53.9776,177.0,1
us20004uks,1453777820750,"151 km SE of Kokopo, Papua New Guinea",6.1,153.2454,-5.2952,26.0,0
us10004gy9,1453695722730,"49 km NNE of Al Hoceïma, Morocco",6.3,-3.6818,35.6493,12.0,0
ak01613v15nv,1453631429557,"47 km ESE of Pedro Bay, Alaska",7.1,-153.3392,59.6204,125.6,1
us10004g4l,1453399617650,"203 km SW of La Cruz de Loreto, Mexico",6.6,-106.9337,18.8239,10.0,1
us10004ebx,1452741933640,"52 km SE of Shizunai-furukawach?, Japan",6.7,142.781,41.9723,46.0,1
us10004ebw,1452741928270,"14 km WNW of Charagua, Bolivia",6.1,-63.3288,-19.7597,582.56,0
us10004djn,1452532083920,"74 km NW of Rumoi, Japan",6.2,141.0867,44.4761,238.81,0
us10004dj5,1452530285900,"227 km SE of Sarangani, Philippines",6.5,126.8621,3.8965,13.0,1
us10004bgk,1451986454620,Pacific-Antarctic Ridge,6.0,-136.2603,-54.2906,10.0,0
us10004b2n,1451862322270,"29 km W of Imph?l, India",6.7,93.6505,24.8036,55.0,0
us10004ant,1451613639950,western Indian-Antarctic Ridge,6.3,139.4489,-50.5575,10.0,0
us100049i1,1451070887190,"42 km WSW of Ashk?sham, Afghanistan",6.3,71.1263,36.4935,206.0,0
us100049ce,1450986243130,southern East Pacific Rise,6.2,-123.1158,-55.755,12.28,0
us100048hc,1450637256610,"37 km N of Tarakan, Indonesia",6.1,117.6359,3.6455,14.0,0
us1000489i,1450491053360,"128 km N of Isangel, Vanuatu",6.0,169.3857,-18.3819,10.0,0
us100047zq,1450381793050,"4 km W of Manuel Ávila Camacho (Ponte Duro), Mexico",6.6,-93.633,15.8015,85.0,1
us20004fuz,1449665881780,"253 km WNW of Lautoka, Fiji",6.1,175.2475,-16.7374,10.0,0
us20004ft7,1449656508530,"107 km SE of Amahai, Indonesia",6.9,129.5079,-4.1064,21.0,0
us100044k6,1449474605950,"104 km W of Murghob, Tajikistan",7.2,72.7797,38.2107,22.0,0
us100043z2,1449267900110,southeast Indian Ridge,7.1,85.0913,-47.6165,35.0,0
us100041t7,1448658022920,"65 km N of Taltal, Chile",6.2,-70.6009,-24.828,34.0,0
us100041f1,1448516718400,"125 km SSW of Tarauacá, Brazil",6.7,-71.2574,-9.1825,602.75,0
us100040x6,1448405454370,"185 km WNW of Iñapari, Peru",7.6,-71.0184,-10.0598,620.56,0
us100040ww,1448405138880,"155 km WNW of Iñapari, Peru",7.6,-70.9437,-10.5372,606.21,1
us100040q8,1448371295730,"Pagan region, Northern Mariana Islands",6.0,145.2659,18.7787,586.88,0
us1000402t,1448096773460,"Kepulauan Babar, Indonesia",6.1,129.9375,-7.1484,82.0,0
us10003zcp,1447871464570,"153 km WSW of Buala, Solomon Islands",6.8,158.4217,-8.8994,12.59,1
us10003ywp,1447744207300,"19 km SSW of Lefkáda, Greece",6.5,20.6,38.67,11.0,0
us10003y71,1447447891030,"140 km WSW of Makurazaki, Japan",6.7,128.8729,31.0009,12.0,0
us10003x9g,1447209979830,"85 km NW of Coquimbo, Chile",6.9,-72.0585,-29.5097,10.0,0
us10003x8t,1447206878570,"81 km NW of Coquimbo, Chile",6.9,-72.0068,-29.5067,12.0,1
us10003vyx,1447085026070,"99 km SE of Atka, Alaska",6.5,-173.0746,51.6394,15.0,1
us10003vry,1447001222160,"Nicobar Islands, India region",6.6,94.648,6.8431,10.0,0
us10003vgt,1446881503870,"39 km SW of Ovalle, Chile",6.8,-71.4519,-30.8796,46.0,1
us10003vgi,1446879871380,"107 km WNW of Coquimbo, Chile",6.2,-72.3015,-29.4642,13.0,0
us200041ty,1446608655190,"47 km NW of Maubara, Timor Leste",6.5,124.8754,-8.3381,20.0,0
us10003re5,1445850582560,"Hindu Kush region, Afghanistan",7.5,70.3676,36.5244,231.0,0
us10003qvh,1445573058140,Prince Edward Islands region,6.0,37.1711,-45.8146,10.0,0
us10003qvc,1445564406320,Bouvet Island region,6.2,6.1653,-54.2258,11.0,0
us10003q0q,1445377922560,"31 km NE of Port-Olry, Vanuatu",7.1,167.3028,-14.8595,135.0,1
us10003pie,1445185115520,"63 km ESE of Hihifo, Tonga",6.0,-173.2608,-16.2018,12.0,0
us10003nib,1444801388300,"202 km S of Severo-Kuril’sk, Russia",6.0,156.2259,48.8595,12.0,0
us10003mrv,1444525107170,Pacific-Antarctic Ridge,6.1,-135.708,-54.4856,10.0,0
us20003p9y,1443235878830,"26 km SSW of Ovalle, Chile",6.3,-71.3217,-30.8148,46.0,0
us20003nqr,1443110007740,"28 km N of Sorong, Indonesia",6.6,131.2622,-0.6212,18.0,0
us20003msd,1442905980520,"22 km NNW of Illapel, Chile",6.0,-71.2653,-31.4441,58.0,0
us20003mi0,1442857200060,"22 km WSW of Illapel, Chile",6.6,-71.3792,-31.7275,35.0,1
us20003mcj,1442813974910,"54 km W of Illapel, Chile",6.1,-71.7431,-31.5757,30.0,0
us20003luw,1442667140920,"79 km W of La Ligua, Chile",6.2,-72.0629,-32.3335,18.0,0
us20003lql,1442639207500,"79 km WNW of Coquimbo, Chile",6.1,-72.077,-29.6411,6.0,0
us20003lc6,1442591982640,northern Mid-Atlantic Ridge,6.0,-45.9886,15.2767,10.0,0
us20003l5d,1442567444730,"92 km NW of Valparaíso, Chile",6.2,-72.2292,-32.3681,8.0,0
us20003kfv,1442463027780,"61 km WNW of Illapel, Chile",6.7,-71.804,-31.5173,23.0,0
us20003kfj,1442462115430,"54 km WNW of Illapel, Chile",6.5,-71.6876,-31.4244,27.0,0
us20003kcn,1442454065870,"70 km SW of Ovalle, Chile",6.4,-71.6504,-31.1043,42.32,0
us20003k7w,1442445521850,"25 km WNW of Illapel, Chile",7.0,-71.4262,-31.5622,28.41,0
us20003k83,1442445369440,"71 km W of Illapel, Chile",6.1,-71.9189,-31.6,35.0,0
us20003k7m,1442444636560,"55 km WSW of Illapel, Chile",6.1,-71.7425,-31.7502,19.1,0
us20003k8b,1442444355000,"54 km W of Illapel, Chile",6.4,-71.745,-31.618,26.7,0
us20003k7a,1442444072860,"48 km W of Illapel, Chile",8.3,-71.6744,-31.5729,22.44,1
us20003jyz,1442412202110,"156 km ESE of Kimbe, Papua New Guinea",6.1,151.4768,-6.0114,6.0,0
us20003jwc,1442389258690,"161 km NW of Ternate, Indonesia",6.3,126.4288,1.8841,41.55,0
us20003j4u,1442132048560,"95 km SW of Topolobampo, Mexico",6.7,-109.6226,24.913,10.0,1
us20003hq5,1441880804810,"104 km SSW of Nikolski, Alaska",6.0,-169.5349,52.0985,20.0,1
us20003h2m,1441617236600,south of the Kermadec Islands,6.3,-177.8599,-32.8199,17.0,0
us20003h2i,1441615569050,south of the Fiji Islands,6.0,179.1278,-24.2427,535.0,0
us20003feg,1441121109520,"Izu Islands, Japan region",6.0,141.6,31.1806,8.0,0
us100034fl,1440409286630,"Kermadec Islands, New Zealand",6.0,-178.7298,-30.6502,228.0,0
us100032k6,1439624826500,"213 km ESE of Kirakira, Solomon Islands",6.4,163.8226,-10.8968,8.0,1
us100031wx,1439462393840,Mid-Indian Ridge,6.0,78.0623,-37.0152,10.0,0
us100031me,1439405364080,"177 km SE of Gizo, Solomon Islands",6.5,157.8772,-9.3293,6.43,1
us100030pg,1439179935810,"186 km WNW of Malango, Solomon Islands",6.6,158.0525,-9.3438,22.0,1
us10002zz0,1438905586290,south of the Fiji Islands,6.0,-178.2511,-26.4576,269.0,0
ak0159nc9dk8,1438137359449,"52 km ENE of Pedro Bay, Alaska",6.4,-153.1962,59.8935,119.3,1
us200030kn,1438033281710,"234 km W of Abepura, Indonesia",7.0,138.5277,-2.6286,48.0,1
us200030aq,1437972586400,"Fox Islands, Aleutian Islands, Alaska",6.9,-169.4458,52.376,29.0,1
us20002yaw,1437186453820,"80 km WNW of Lata, Solomon Islands",7.0,165.1409,-10.4012,11.0,1
us20002xx1,1437059793780,"128 km NE of Bathsheba, Barbados",6.5,-58.5479,13.8672,20.0,1
us20002whh,1436501562540,"150 km WNW of Malango, Solomon Islands",6.7,158.403,-9.307,12.0,1
us20002vm7,1436245828120,"101 km E of Shikotan, Russia",6.3,147.9748,43.9097,49.0,0
us10002n6s,1435905801540,"23 km NW of Santa Monica, Philippines",6.1,125.8907,10.1691,32.0,0
us10002n4w,1435885667290,"57 km WNW of Zangguy, China",6.4,78.1542,37.4593,20.0,0
us10002mw0,1435779321460,"91 km SE of Kirakira, Solomon Islands",6.0,162.5558,-10.9911,12.0,0
us10002mhg,1435635569410,"146 km SSW of Kokopo, Papua New Guinea",6.0,151.5457,-5.4513,43.0,0
us10002lne,1435257957450,south of the Kermadec Islands,6.0,-178.3241,-32.0722,10.0,0
us10002l37,1435061910270,"Bonin Islands, Japan region",6.5,139.7254,27.7375,460.0,0
us10002kra,1434922096270,Fiji region,6.0,-178.3276,-20.4307,562.61,1
us10002ke8,1434766207100,"74 km WNW of Talcahuano, Chile",6.4,-73.812,-36.3601,11.0,0
us20002qn7,1434545492790,southern Mid-Atlantic Ridge,7.0,-17.1605,-35.3639,10.0,1
us20002pak,1434107228040,"89 km ENE of Hihifo, Tonga",6.0,-173.0098,-15.6758,48.0,0
us20002nkt,1433944329770,"50 km E of Calama, Chile",6.0,-68.4323,-22.4,124.0,0
us20002mvq,1433743268300,"74 km ENE of Mutsu, Japan",6.1,142.0308,41.5615,42.0,0
us20002m5s,1433459743910,"14 km WNW of Ranau, Malaysia",6.0,116.5409,5.9867,10.0,0
us20002kpm,1433011747340,"Izu Islands, Japan region",6.2,142.9722,30.7856,6.05,0
us20002kp6,1433006315040,"51 km ENE of Hihifo, Tonga",6.0,-173.3817,-15.7216,10.0,0
us20002ki3,1432984982110,"Bonin Islands, Japan region",7.8,140.4931,27.8386,664.0,1
ak0156uj8rk3,1432882809634,"117 km SSE of Ugashik, Alaska",6.8,-156.4301,56.594,72.6,1
us10002bx8,1432478339510,"175 km WNW of Pangai, Tonga",6.2,-175.9627,-19.3933,10.0,0
us10002bvx,1432443203630,southern Mid-Atlantic Ridge,6.3,-14.1708,-16.855,10.0,0
us10002bpw,1432339173770,"159 km ESE of Kirakira, Solomon Islands",6.8,163.2154,-11.1093,10.0,1
us10002bnk,1432331119480,"205 km ESE of Kirakira, Solomon Islands",6.9,163.6959,-11.0559,11.19,1
us10002b03,1432162133420,"178 km W of Lata, Solomon Islands",6.8,164.1694,-10.8759,11.0,1
us10002anx,1432081854700,"135 km WNW of Pangai, Tonga",6.0,-175.5247,-19.3021,203.0,0
us10002aj3,1432049121080,Pacific-Antarctic Ridge,6.7,-132.1618,-54.3312,7.2,0
us100029k5,1431721616870,"106 km ESE of Sungai Penuh, Indonesia",6.0,102.2191,-2.542,151.0,0
us20002et4,1431465178890,"32 km SE of ?funato, Japan",6.8,142.0317,38.9056,35.0,1
us20002ek5,1431416214490,"42 km SSE of Kod?ri??, Nepal",6.3,86.1617,27.625,15.0,0
us20002ejl,1431414319730,Nepal,7.3,86.0655,27.8087,15.0,0
us20002e96,1431293146440,"Izu Islands, Japan region",6.0,142.0157,31.2373,6.0,0
us20002das,1430982619590,"143 km SW of Panguna, Papua New Guinea",7.1,154.5567,-7.2175,10.0,1
us20002bnf,1430790246380,"131 km SSW of Kokopo, Papua New Guinea",7.5,151.8751,-5.4624,55.0,1
us20002b1r,1430692359010,"156 km SSW of Kokopo, Papua New Guinea",6.0,151.6757,-5.6314,24.0,0
us20002dhx,1430467612250,"134 km SSW of Kokopo, Papua New Guinea",6.0,151.8715,-5.4912,35.0,0
us20002am6,1430467563480,"109 km SSW of Kokopo, Papua New Guinea",6.8,151.7773,-5.2005,44.0,1
us20002ag9,1430390702930,"126 km SSW of Kokopo, Papua New Guinea",6.7,151.7706,-5.375,31.0,1
us200029x8,1430239179190,Fiji region,6.1,-178.6329,-20.8865,581.0,0
us200029bt,1430032150670,"21 km SSE of Kod?ri??, Nepal",6.7,86.0173,27.7711,22.91,0
us2000292y,1429944321320,"71 km NNE of Bharatpur, Nepal",6.6,84.8216,28.2244,10.0,0
us20002bi4,1429942522910,"0 km NNW of Dhulikhel, Nepal",6.1,85.5398,27.6285,10.0,0
us20002926,1429942285950,"67 km NNE of Bharatpur, Nepal",7.8,84.7314,28.2305,8.22,0
us200028ue,1429883775180,"282 km WNW of Port McNeill, Canada",6.2,-130.7714,51.6148,8.0,1
us200028qc,1429846602400,"73 km S of Wakefield, New Zealand",6.1,173.0066,-42.0602,48.0,0
us200028gt,1429743435650,"161 km SSE of Lata, Solomon Islands",6.2,166.432,-12.039,72.0,0
us200027ru,1429531200070,"72 km SW of Yonakuni, Japan",6.1,122.4532,24.0471,29.0,0
us200027rt,1429530313440,"69 km SW of Yonakuni, Japan",6.0,122.453,24.0851,29.0,0
us200027ps,1429494178380,"75 km WSW of Yonakuni, Japan",6.4,122.3158,24.2026,29.0,1
us200027c2,1429285971480,"181 km SSW of Alo, Wallis and Futuna",6.5,-178.6005,-15.8815,10.0,1
us2000272b,1429207663610,"26 km SSW of Fry, Greece",6.0,26.8235,35.1891,20.0,0
us10001v8k,1428367581830,"106 km NE of Hihifo, Tonga",6.3,-173.2247,-15.1676,30.0,0
us10001sbf,1427804304200,"65 km SSE of Kokopo, Papua New Guinea",6.0,152.49,-4.8946,39.0,0
us10001ryu,1427705305340,"96 km ENE of Hihifo, Tonga",6.5,-173.0293,-15.4994,11.0,1
us10001ryq,1427703481340,"110 km NE of Hihifo, Tonga",6.4,-172.9409,-15.392,14.54,1
us10001ryk,1427702213230,"98 km NE of Hihifo, Tonga",6.0,-173.049,-15.4296,10.0,0
us10001rvu,1427672911010,"53 km SE of Kokopo, Papua New Guinea",7.5,152.5623,-4.7294,41.0,1
us10001ppx,1427086298010,"94 km SW of Curahuara de Carangas, Bolivia",6.4,-69.1663,-18.3534,130.0,0
us10001nj1,1426703249500,"75 km NW of Tomé, Chile",6.2,-73.5219,-36.1167,13.0,0
us10001nab,1426630348940,"136 km NW of Ternate, Indonesia",6.2,126.5217,1.6686,44.0,1
us10001mm0,1426461436910,"70 km NW of Luwuk, Indonesia",6.1,122.3067,-0.5409,31.0,0
us10001ldx,1426020944370,"2 km NNW of Cepitá, Colombia",6.2,-72.9875,6.7757,155.0,0
usc000tvgw,1425630138960,Mid-Indian Ridge,6.0,80.6046,-41.3157,10.0,0
usc000tumx,1425379050050,"157 km W of Pariaman, Indonesia",6.1,98.7161,-0.7789,28.0,0
usc000ttkd,1425044705370,"150 km NNE of Maumere, Indonesia",7.0,122.5348,-7.2968,552.06,0
usc000tsak,1424614992720,"207 km WSW of José María Morelos, Mexico",6.2,-106.848,18.6766,5.0,1
usc000ts49,1424513633290,"133 km E of Miyako, Japan",6.0,143.4861,39.8185,7.0,0
usc000trsc,1424406323380,"142 km E of Miyako, Japan",6.2,143.5871,39.8244,10.0,0
usc000trf9,1424351912810,Vanuatu,6.4,168.1483,-16.4311,10.0,0
usb000tq9f,1424251946770,"183 km W of Lata, Solomon Islands",6.1,164.1216,-10.7598,10.0,0
usb000tpvj,1424127988270,"83 km ENE of Miyako, Japan",6.7,142.8808,39.8558,23.0,1
usb000tpuw,1424124053590,South Sandwich Islands region,6.2,-28.2591,-55.52,13.0,1
usb000tp6y,1423857992330,Taiwan region,6.2,121.427,22.6374,30.0,0
usb000tp5q,1423853952230,northern Mid-Atlantic Ridge,7.1,-31.9016,52.6487,16.68,1
usc000tp1s,1423681042460,"103 km W of El Aguilar, Argentina",6.7,-66.688,-23.1125,223.0,1
usc000tkwv,1422874188530,"63 km W of Villa General Roca, Argentina",6.3,-67.1231,-32.7183,172.0,0
usc000tker,1422640676440,"209 km SSE of Isangel, Vanuatu",6.0,170.158,-21.2452,7.08,0
usb000tism,1422412999350,Fiji region,6.2,-178.3032,-20.9665,484.12,0
usc000tihy,1421984847050,"81 km NNE of Port-Vila, Vanuatu",6.8,168.52,-17.0309,219.96,1
usc000tcba,1420607227510,"236 km S of Punta de Burica, Panama",6.5,-82.6576,5.9045,8.0,1
